Discipline,RSC,Type,Description,SportGender,Schedule,WMRGrouping,ShownInCIS,ShownInWMR,DiffWmrCis,WmrBeforeRedirect,WmrDuringRedirect,WmrAfterRedirect,CisRedirect,SpecialCase
ARC,ARCMINDIVID-----------8FNL--------,phase,Recurve Men's Ind 1/8 Elimination Round,M,N,true,false,false,false,,,,,
ARC,ARCMINDIVID-----------FNL---------,phase,Recurve Men's Individual Finals,M,N,false,false,false,false,,,,,
ARC,ARCMINDIVID-----------QFNL--------,phase,Recurve Men's Individual Quarterfinals,M,N,true,false,false,false,,,,,
ARC,ARCMINDIVID-----------QUAL--------,phase,Recurve Men's Ind Qualification Rnd,M,N,true,false,false,false,,,,,
ARC,ARCMINDIVID-----------R128--------,phase,Recurve Men's Ind 1/64 Elimination Rnd,M,N,true,false,false,false,,,,,
ARC,ARCMINDIVID-----------R32---------,phase,Recurve Men's Ind 1/16 Elimination Rnd,M,N,true,false,false,false,,,,,
ARC,ARCMINDIVID-----------R64---------,phase,Recurve Men's Ind 1/32 Elimination Rnd,M,N,true,false,false,false,,,,,
ARC,ARCMINDIVID-----------SFNL--------,phase,Recurve Men's Individual Semifinals,M,N,true,false,false,false,,,,,
ARC,ARCMINDIVID-----------TMRY--------,phase,Recurve Men's Individual,M,N,true,false,false,false,,,,,
ARC,ARCMTEAM3-------------FNL---------,phase,Recurve Men's Team Finals,M,N,false,false,false,false,,,,,
ARC,ARCMTEAM3-------------QFNL--------,phase,Recurve Men's Team Quarterfinals,M,N,true,false,false,false,,,,,
ARC,ARCMTEAM3-------------QUAL--------,phase,Recurve Men's Team Qualification Round,M,N,true,false,false,false,,,,,
ARC,ARCMTEAM3-------------SFNL--------,phase,Recurve Men's Team Semifinals,M,N,true,false,false,false,,,,,
ARC,ARCMTEAM3-------------TMRY--------,phase,Recurve Men's Team,M,N,true,false,false,false,,,,,
ARC,ARCWINDIVID-----------8FNL--------,phase,Recurve Women's Ind 1/8 Elimination Rnd,W,N,true,false,false,false,,,,,
ARC,ARCWINDIVID-----------FNL---------,phase,Recurve Women's Individual Finals,W,N,false,false,false,false,,,,,
ARC,ARCWINDIVID-----------QFNL--------,phase,Recurve Women's Individual Quarterfinals,W,N,true,false,false,false,,,,,
ARC,ARCWINDIVID-----------QUAL--------,phase,Recurve Women's Ind Qualiication Rnd,W,N,true,false,false,false,,,,,
ARC,ARCWINDIVID-----------R128--------,phase,Recurve Women's Ind 1/64 Elimination Rnd,W,N,true,false,false,false,,,,,
ARC,ARCWINDIVID-----------R32---------,phase,Recurve Women's Ind 1/16 Elimination Rnd,W,N,true,false,false,false,,,,,
ARC,ARCWINDIVID-----------R64---------,phase,Recurve Women's Ind 1/32 Elimination Rnd,W,N,true,false,false,false,,,,,
ARC,ARCWINDIVID-----------SFNL--------,phase,Recurve Women's Individual Semifinals,W,N,true,false,false,false,,,,,
ARC,ARCWINDIVID-----------TMRY--------,phase,Recurve Women's Individual,W,N,true,false,false,false,,,,,
ARC,ARCWTEAM3-------------FNL---------,phase,Recurve Women's Team Finals,W,N,false,false,false,false,,,,,
ARC,ARCWTEAM3-------------QFNL--------,phase,Recurve Women's Team Quarterfinals,W,N,true,false,false,false,,,,,
ARC,ARCWTEAM3-------------QUAL--------,phase,Recurve Women's Team Qualification Round,W,N,true,false,false,false,,,,,
ARC,ARCWTEAM3-------------SFNL--------,phase,Recurve Women's Team Semifinals,W,N,true,false,false,false,,,,,
ARC,ARCWTEAM3-------------TMRY--------,phase,Recurve Women's Team,W,N,true,false,false,false,,,,,
ARC,ARCXTEAM2-------------8FNL--------,phase,Recurve Mixed Team 1/8 Elimination Round,X,N,true,false,false,false,,,,,
ARC,ARCXTEAM2-------------FNL---------,phase,Recurve Mixed Team Finals,X,N,false,false,false,false,,,,,
ARC,ARCXTEAM2-------------QFNL--------,phase,Recurve Mixed Team Quarterfinals,X,N,true,false,false,false,,,,,
ARC,ARCXTEAM2-------------QUAL--------,phase,Recurve Mixed Team Qualification Round,X,N,true,false,false,false,,,,,
ARC,ARCXTEAM2-------------SFNL--------,phase,Recurve Mixed Team Semifinals,X,N,true,false,false,false,,,,,
ARC,ARCXTEAM2-------------TMRY--------,phase,Recurve Mixed Team,X,N,true,false,false,false,,,,,
ARC,ARCXTEAMC-------------8FNL--------,phase,Compound Mixed Team 1/8 Elimination Rnd,X,N,true,false,false,false,,,,,
ARC,ARCXTEAMC-------------FNL---------,phase,Compound Mixed Team Finals,X,N,false,false,false,false,,,,,
ARC,ARCXTEAMC-------------QFNL--------,phase,Compound Mixed Team Quarterfinals,X,N,true,false,false,false,,,,,
ARC,ARCXTEAMC-------------QUAL--------,phase,Compound Mixed Team Qualification Round,X,N,true,false,false,false,,,,,
ARC,ARCXTEAMC-------------SFNL--------,phase,Compound Mixed Team Semifinals,X,N,true,false,false,false,,,,,
ARC,ARCXTEAMC-------------TMRY--------,phase,Compound Mixed Team,X,N,true,false,false,false,,,,,
ARC,ARCMINDIVID-----------8FNL000100--,unit,Recurve Men's Ind 1/8 Elimination Rnd,M,Y,true,true,true,false,/results/unit/arcmindivid-----------8fnl000100--,/results/unit/arcmindivid-----------8fnl000100--,/results/unit/arcmindivid-----------8fnl000100--,/ARC/M/INDIVID-----------/8FNL/000100--/results,
ARC,ARCMINDIVID-----------8FNL000200--,unit,Recurve Men's Ind 1/8 Elimination Rnd,M,Y,true,true,true,false,/results/unit/arcmindivid-----------8fnl000200--,/results/unit/arcmindivid-----------8fnl000200--,/results/unit/arcmindivid-----------8fnl000200--,/ARC/M/INDIVID-----------/8FNL/000200--/results,
ARC,ARCMINDIVID-----------8FNL000300--,unit,Recurve Men's Ind 1/8 Elimination Rnd,M,Y,true,true,true,false,/results/unit/arcmindivid-----------8fnl000300--,/results/unit/arcmindivid-----------8fnl000300--,/results/unit/arcmindivid-----------8fnl000300--,/ARC/M/INDIVID-----------/8FNL/000300--/results,
ARC,ARCMINDIVID-----------8FNL000400--,unit,Recurve Men's Ind 1/8 Elimination Rnd,M,Y,true,true,true,false,/results/unit/arcmindivid-----------8fnl000400--,/results/unit/arcmindivid-----------8fnl000400--,/results/unit/arcmindivid-----------8fnl000400--,/ARC/M/INDIVID-----------/8FNL/000400--/results,
ARC,ARCMINDIVID-----------8FNL000500--,unit,Recurve Men's Ind 1/8 Elimination Rnd,M,Y,true,true,true,false,/results/unit/arcmindivid-----------8fnl000500--,/results/unit/arcmindivid-----------8fnl000500--,/results/unit/arcmindivid-----------8fnl000500--,/ARC/M/INDIVID-----------/8FNL/000500--/results,
ARC,ARCMINDIVID-----------8FNL000600--,unit,Recurve Men's Ind 1/8 Elimination Rnd,M,Y,true,true,true,false,/results/unit/arcmindivid-----------8fnl000600--,/results/unit/arcmindivid-----------8fnl000600--,/results/unit/arcmindivid-----------8fnl000600--,/ARC/M/INDIVID-----------/8FNL/000600--/results,
ARC,ARCMINDIVID-----------8FNL000700--,unit,Recurve Men's Ind 1/8 Elimination Rnd,M,Y,true,true,true,false,/results/unit/arcmindivid-----------8fnl000700--,/results/unit/arcmindivid-----------8fnl000700--,/results/unit/arcmindivid-----------8fnl000700--,/ARC/M/INDIVID-----------/8FNL/000700--/results,
ARC,ARCMINDIVID-----------8FNL000800--,unit,Recurve Men's Ind 1/8 Elimination Rnd,M,Y,true,true,true,false,/results/unit/arcmindivid-----------8fnl000800--,/results/unit/arcmindivid-----------8fnl000800--,/results/unit/arcmindivid-----------8fnl000800--,/ARC/M/INDIVID-----------/8FNL/000800--/results,
ARC,ARCMINDIVID-----------FNL-000100--,unit,Recurve Men's Ind Gold Medal Match,M,Y,false,true,true,false,/results/unit/arcmindivid-----------fnl-000100--,/results/unit/arcmindivid-----------fnl-000100--,/results/unit/arcmindivid-----------fnl-000100--,/ARC/M/INDIVID-----------/FNL-/000100--/results,
ARC,ARCMINDIVID-----------FNL-000200--,unit,Recurve Men's Indl Bronze Medal Match,M,Y,false,true,true,false,/results/unit/arcmindivid-----------fnl-000200--,/results/unit/arcmindivid-----------fnl-000200--,/results/unit/arcmindivid-----------fnl-000200--,/ARC/M/INDIVID-----------/FNL-/000200--/results,
ARC,ARCMINDIVID-----------QFNL000100--,unit,Recurve Men's Individual Quarterfinal,M,Y,true,true,true,false,/results/unit/arcmindivid-----------qfnl000100--,/results/unit/arcmindivid-----------qfnl000100--,/results/unit/arcmindivid-----------qfnl000100--,/ARC/M/INDIVID-----------/QFNL/000100--/results,
ARC,ARCMINDIVID-----------QFNL000200--,unit,Recurve Men's Individual Quarterfinal,M,Y,true,true,true,false,/results/unit/arcmindivid-----------qfnl000200--,/results/unit/arcmindivid-----------qfnl000200--,/results/unit/arcmindivid-----------qfnl000200--,/ARC/M/INDIVID-----------/QFNL/000200--/results,
ARC,ARCMINDIVID-----------QFNL000300--,unit,Recurve Men's Individual Quarterfinal,M,Y,true,true,true,false,/results/unit/arcmindivid-----------qfnl000300--,/results/unit/arcmindivid-----------qfnl000300--,/results/unit/arcmindivid-----------qfnl000300--,/ARC/M/INDIVID-----------/QFNL/000300--/results,
ARC,ARCMINDIVID-----------QFNL000400--,unit,Recurve Men's Individual Quarterfinal,M,Y,true,true,true,false,/results/unit/arcmindivid-----------qfnl000400--,/results/unit/arcmindivid-----------qfnl000400--,/results/unit/arcmindivid-----------qfnl000400--,/ARC/M/INDIVID-----------/QFNL/000400--/results,
ARC,ARCMINDIVID-----------QUAL000100--,unit,Recurve Men's Ind Qualification Rnd,M,Y,true,true,true,false,/results/unit/arcmindivid-----------qual000100--,/results/unit/arcmindivid-----------qual000100--,/results/unit/arcmindivid-----------qual000100--,/ARC/M/INDIVID-----------/QUAL/000100--/results,
ARC,ARCMINDIVID-----------R32-000100--,unit,Recurve Men's Ind 1/16 Elimination Rnd,M,Y,true,true,true,false,/results/unit/arcmindivid-----------r32-000100--,/results/unit/arcmindivid-----------r32-000100--,/results/unit/arcmindivid-----------r32-000100--,/ARC/M/INDIVID-----------/R32-/000100--/results,
ARC,ARCMINDIVID-----------R32-000200--,unit,Recurve Men's Ind 1/16 Elimination Rnd,M,Y,true,true,true,false,/results/unit/arcmindivid-----------r32-000200--,/results/unit/arcmindivid-----------r32-000200--,/results/unit/arcmindivid-----------r32-000200--,/ARC/M/INDIVID-----------/R32-/000200--/results,
ARC,ARCMINDIVID-----------R32-000300--,unit,Recurve Men's Ind 1/16 Elimination Rnd,M,Y,true,true,true,false,/results/unit/arcmindivid-----------r32-000300--,/results/unit/arcmindivid-----------r32-000300--,/results/unit/arcmindivid-----------r32-000300--,/ARC/M/INDIVID-----------/R32-/000300--/results,
ARC,ARCMINDIVID-----------R32-000400--,unit,Recurve Men's Ind 1/16 Elimination Rnd,M,Y,true,true,true,false,/results/unit/arcmindivid-----------r32-000400--,/results/unit/arcmindivid-----------r32-000400--,/results/unit/arcmindivid-----------r32-000400--,/ARC/M/INDIVID-----------/R32-/000400--/results,
ARC,ARCMINDIVID-----------R32-000500--,unit,Recurve Men's Ind 1/16 Elimination Rnd,M,Y,true,true,true,false,/results/unit/arcmindivid-----------r32-000500--,/results/unit/arcmindivid-----------r32-000500--,/results/unit/arcmindivid-----------r32-000500--,/ARC/M/INDIVID-----------/R32-/000500--/results,
ARC,ARCMINDIVID-----------R32-000600--,unit,Recurve Men's Ind 1/16 Elimination Rnd,M,Y,true,true,true,false,/results/unit/arcmindivid-----------r32-000600--,/results/unit/arcmindivid-----------r32-000600--,/results/unit/arcmindivid-----------r32-000600--,/ARC/M/INDIVID-----------/R32-/000600--/results,
ARC,ARCMINDIVID-----------R32-000700--,unit,Recurve Men's Ind 1/16 Elimination Rnd,M,Y,true,true,true,false,/results/unit/arcmindivid-----------r32-000700--,/results/unit/arcmindivid-----------r32-000700--,/results/unit/arcmindivid-----------r32-000700--,/ARC/M/INDIVID-----------/R32-/000700--/results,
ARC,ARCMINDIVID-----------R32-000800--,unit,Recurve Men's Ind 1/16 Elimination Rnd,M,Y,true,true,true,false,/results/unit/arcmindivid-----------r32-000800--,/results/unit/arcmindivid-----------r32-000800--,/results/unit/arcmindivid-----------r32-000800--,/ARC/M/INDIVID-----------/R32-/000800--/results,
ARC,ARCMINDIVID-----------R32-000900--,unit,Recurve Men's Ind 1/16 Elimination Rnd,M,Y,true,true,true,false,/results/unit/arcmindivid-----------r32-000900--,/results/unit/arcmindivid-----------r32-000900--,/results/unit/arcmindivid-----------r32-000900--,/ARC/M/INDIVID-----------/R32-/000900--/results,
ARC,ARCMINDIVID-----------R32-001000--,unit,Recurve Men's Ind 1/16 Elimination Rnd,M,Y,true,true,true,false,/results/unit/arcmindivid-----------r32-001000--,/results/unit/arcmindivid-----------r32-001000--,/results/unit/arcmindivid-----------r32-001000--,/ARC/M/INDIVID-----------/R32-/001000--/results,
ARC,ARCMINDIVID-----------R32-001100--,unit,Recurve Men's Ind 1/16 Elimination Rnd,M,Y,true,true,true,false,/results/unit/arcmindivid-----------r32-001100--,/results/unit/arcmindivid-----------r32-001100--,/results/unit/arcmindivid-----------r32-001100--,/ARC/M/INDIVID-----------/R32-/001100--/results,
ARC,ARCMINDIVID-----------R32-001200--,unit,Recurve Men's Ind 1/16 Elimination Rnd,M,Y,true,true,true,false,/results/unit/arcmindivid-----------r32-001200--,/results/unit/arcmindivid-----------r32-001200--,/results/unit/arcmindivid-----------r32-001200--,/ARC/M/INDIVID-----------/R32-/001200--/results,
ARC,ARCMINDIVID-----------R32-001300--,unit,Recurve Men's Ind 1/16 Elimination Rnd,M,Y,true,true,true,false,/results/unit/arcmindivid-----------r32-001300--,/results/unit/arcmindivid-----------r32-001300--,/results/unit/arcmindivid-----------r32-001300--,/ARC/M/INDIVID-----------/R32-/001300--/results,
ARC,ARCMINDIVID-----------R32-001400--,unit,Recurve Men's Ind 1/16 Elimination Rnd,M,Y,true,true,true,false,/results/unit/arcmindivid-----------r32-001400--,/results/unit/arcmindivid-----------r32-001400--,/results/unit/arcmindivid-----------r32-001400--,/ARC/M/INDIVID-----------/R32-/001400--/results,
ARC,ARCMINDIVID-----------R32-001500--,unit,Recurve Men's Ind 1/16 Elimination Rnd,M,Y,true,true,true,false,/results/unit/arcmindivid-----------r32-001500--,/results/unit/arcmindivid-----------r32-001500--,/results/unit/arcmindivid-----------r32-001500--,/ARC/M/INDIVID-----------/R32-/001500--/results,
ARC,ARCMINDIVID-----------R32-001600--,unit,Recurve Men's Ind 1/16 Elimination Rnd,M,Y,true,true,true,false,/results/unit/arcmindivid-----------r32-001600--,/results/unit/arcmindivid-----------r32-001600--,/results/unit/arcmindivid-----------r32-001600--,/ARC/M/INDIVID-----------/R32-/001600--/results,
ARC,ARCMINDIVID-----------R64-000100--,unit,Recurve Men's Ind 1/32 Elimination Rnd,M,Y,true,true,true,false,/results/unit/arcmindivid-----------r64-000100--,/results/unit/arcmindivid-----------r64-000100--,/results/unit/arcmindivid-----------r64-000100--,/ARC/M/INDIVID-----------/R64-/000100--/results,
ARC,ARCMINDIVID-----------R64-000200--,unit,Recurve Men's Ind 1/32 Elimination Rnd,M,Y,true,true,true,false,/results/unit/arcmindivid-----------r64-000200--,/results/unit/arcmindivid-----------r64-000200--,/results/unit/arcmindivid-----------r64-000200--,/ARC/M/INDIVID-----------/R64-/000200--/results,
ARC,ARCMINDIVID-----------R64-000300--,unit,Recurve Men's Ind 1/32 Elimination Rnd,M,Y,true,true,true,false,/results/unit/arcmindivid-----------r64-000300--,/results/unit/arcmindivid-----------r64-000300--,/results/unit/arcmindivid-----------r64-000300--,/ARC/M/INDIVID-----------/R64-/000300--/results,
ARC,ARCMINDIVID-----------R64-000400--,unit,Recurve Men's Ind 1/32 Elimination Rnd,M,Y,true,true,true,false,/results/unit/arcmindivid-----------r64-000400--,/results/unit/arcmindivid-----------r64-000400--,/results/unit/arcmindivid-----------r64-000400--,/ARC/M/INDIVID-----------/R64-/000400--/results,
ARC,ARCMINDIVID-----------R64-000500--,unit,Recurve Men's Ind 1/32 Elimination Rnd,M,Y,true,true,true,false,/results/unit/arcmindivid-----------r64-000500--,/results/unit/arcmindivid-----------r64-000500--,/results/unit/arcmindivid-----------r64-000500--,/ARC/M/INDIVID-----------/R64-/000500--/results,
ARC,ARCMINDIVID-----------R64-000600--,unit,Recurve Men's Ind 1/32 Elimination Rnd,M,Y,true,true,true,false,/results/unit/arcmindivid-----------r64-000600--,/results/unit/arcmindivid-----------r64-000600--,/results/unit/arcmindivid-----------r64-000600--,/ARC/M/INDIVID-----------/R64-/000600--/results,
ARC,ARCMINDIVID-----------R64-000700--,unit,Recurve Men's Ind 1/32 Elimination Rnd,M,Y,true,true,true,false,/results/unit/arcmindivid-----------r64-000700--,/results/unit/arcmindivid-----------r64-000700--,/results/unit/arcmindivid-----------r64-000700--,/ARC/M/INDIVID-----------/R64-/000700--/results,
ARC,ARCMINDIVID-----------R64-000800--,unit,Recurve Men's Ind 1/32 Elimination Rnd,M,Y,true,true,true,false,/results/unit/arcmindivid-----------r64-000800--,/results/unit/arcmindivid-----------r64-000800--,/results/unit/arcmindivid-----------r64-000800--,/ARC/M/INDIVID-----------/R64-/000800--/results,
ARC,ARCMINDIVID-----------R64-000900--,unit,Recurve Men's Ind 1/32 Elimination Rnd,M,Y,true,true,true,false,/results/unit/arcmindivid-----------r64-000900--,/results/unit/arcmindivid-----------r64-000900--,/results/unit/arcmindivid-----------r64-000900--,/ARC/M/INDIVID-----------/R64-/000900--/results,
ARC,ARCMINDIVID-----------R64-001000--,unit,Recurve Men's Ind 1/32 Elimination Rnd,M,Y,true,true,true,false,/results/unit/arcmindivid-----------r64-001000--,/results/unit/arcmindivid-----------r64-001000--,/results/unit/arcmindivid-----------r64-001000--,/ARC/M/INDIVID-----------/R64-/001000--/results,
ARC,ARCMINDIVID-----------R64-001100--,unit,Recurve Men's Ind 1/32 Elimination Rnd,M,Y,true,true,true,false,/results/unit/arcmindivid-----------r64-001100--,/results/unit/arcmindivid-----------r64-001100--,/results/unit/arcmindivid-----------r64-001100--,/ARC/M/INDIVID-----------/R64-/001100--/results,
ARC,ARCMINDIVID-----------R64-001200--,unit,Recurve Men's Ind 1/32 Elimination Rnd,M,Y,true,true,true,false,/results/unit/arcmindivid-----------r64-001200--,/results/unit/arcmindivid-----------r64-001200--,/results/unit/arcmindivid-----------r64-001200--,/ARC/M/INDIVID-----------/R64-/001200--/results,
ARC,ARCMINDIVID-----------R64-001300--,unit,Recurve Men's Ind 1/32 Elimination Rnd,M,Y,true,true,true,false,/results/unit/arcmindivid-----------r64-001300--,/results/unit/arcmindivid-----------r64-001300--,/results/unit/arcmindivid-----------r64-001300--,/ARC/M/INDIVID-----------/R64-/001300--/results,
ARC,ARCMINDIVID-----------R64-001400--,unit,Recurve Men's Ind 1/32 Elimination Rnd,M,Y,true,true,true,false,/results/unit/arcmindivid-----------r64-001400--,/results/unit/arcmindivid-----------r64-001400--,/results/unit/arcmindivid-----------r64-001400--,/ARC/M/INDIVID-----------/R64-/001400--/results,
ARC,ARCMINDIVID-----------R64-001500--,unit,Recurve Men's Ind 1/32 Elimination Rnd,M,Y,true,true,true,false,/results/unit/arcmindivid-----------r64-001500--,/results/unit/arcmindivid-----------r64-001500--,/results/unit/arcmindivid-----------r64-001500--,/ARC/M/INDIVID-----------/R64-/001500--/results,
ARC,ARCMINDIVID-----------R64-001600--,unit,Recurve Men's Ind 1/32 Elimination Rnd,M,Y,true,true,true,false,/results/unit/arcmindivid-----------r64-001600--,/results/unit/arcmindivid-----------r64-001600--,/results/unit/arcmindivid-----------r64-001600--,/ARC/M/INDIVID-----------/R64-/001600--/results,
ARC,ARCMINDIVID-----------R64-001700--,unit,Recurve Men's Ind 1/32 Elimination Rnd,M,Y,true,true,true,false,/results/unit/arcmindivid-----------r64-001700--,/results/unit/arcmindivid-----------r64-001700--,/results/unit/arcmindivid-----------r64-001700--,/ARC/M/INDIVID-----------/R64-/001700--/results,
ARC,ARCMINDIVID-----------R64-001800--,unit,Recurve Men's Ind 1/32 Elimination Rnd,M,Y,true,true,true,false,/results/unit/arcmindivid-----------r64-001800--,/results/unit/arcmindivid-----------r64-001800--,/results/unit/arcmindivid-----------r64-001800--,/ARC/M/INDIVID-----------/R64-/001800--/results,
ARC,ARCMINDIVID-----------R64-001900--,unit,Recurve Men's Ind 1/32 Elimination Rnd,M,Y,true,true,true,false,/results/unit/arcmindivid-----------r64-001900--,/results/unit/arcmindivid-----------r64-001900--,/results/unit/arcmindivid-----------r64-001900--,/ARC/M/INDIVID-----------/R64-/001900--/results,
ARC,ARCMINDIVID-----------R64-002000--,unit,Recurve Men's Ind 1/32 Elimination Rnd,M,Y,true,true,true,false,/results/unit/arcmindivid-----------r64-002000--,/results/unit/arcmindivid-----------r64-002000--,/results/unit/arcmindivid-----------r64-002000--,/ARC/M/INDIVID-----------/R64-/002000--/results,
ARC,ARCMINDIVID-----------R64-002100--,unit,Recurve Men's Ind 1/32 Elimination Rnd,M,Y,true,true,true,false,/results/unit/arcmindivid-----------r64-002100--,/results/unit/arcmindivid-----------r64-002100--,/results/unit/arcmindivid-----------r64-002100--,/ARC/M/INDIVID-----------/R64-/002100--/results,
ARC,ARCMINDIVID-----------R64-002200--,unit,Recurve Men's Ind 1/32 Elimination Rnd,M,Y,true,true,true,false,/results/unit/arcmindivid-----------r64-002200--,/results/unit/arcmindivid-----------r64-002200--,/results/unit/arcmindivid-----------r64-002200--,/ARC/M/INDIVID-----------/R64-/002200--/results,
ARC,ARCMINDIVID-----------R64-002300--,unit,Recurve Men's Ind 1/32 Elimination Rnd,M,Y,true,true,true,false,/results/unit/arcmindivid-----------r64-002300--,/results/unit/arcmindivid-----------r64-002300--,/results/unit/arcmindivid-----------r64-002300--,/ARC/M/INDIVID-----------/R64-/002300--/results,
ARC,ARCMINDIVID-----------R64-002400--,unit,Recurve Men's Ind 1/32 Elimination Rnd,M,Y,true,true,true,false,/results/unit/arcmindivid-----------r64-002400--,/results/unit/arcmindivid-----------r64-002400--,/results/unit/arcmindivid-----------r64-002400--,/ARC/M/INDIVID-----------/R64-/002400--/results,
ARC,ARCMINDIVID-----------R64-002500--,unit,Recurve Men's Ind 1/32 Elimination Rnd,M,Y,true,true,true,false,/results/unit/arcmindivid-----------r64-002500--,/results/unit/arcmindivid-----------r64-002500--,/results/unit/arcmindivid-----------r64-002500--,/ARC/M/INDIVID-----------/R64-/002500--/results,
ARC,ARCMINDIVID-----------R64-002600--,unit,Recurve Men's Ind 1/32 Elimination Rnd,M,Y,true,true,true,false,/results/unit/arcmindivid-----------r64-002600--,/results/unit/arcmindivid-----------r64-002600--,/results/unit/arcmindivid-----------r64-002600--,/ARC/M/INDIVID-----------/R64-/002600--/results,
ARC,ARCMINDIVID-----------R64-002700--,unit,Recurve Men's Ind 1/32 Elimination Rnd,M,Y,true,true,true,false,/results/unit/arcmindivid-----------r64-002700--,/results/unit/arcmindivid-----------r64-002700--,/results/unit/arcmindivid-----------r64-002700--,/ARC/M/INDIVID-----------/R64-/002700--/results,
ARC,ARCMINDIVID-----------R64-002800--,unit,Recurve Men's Ind 1/32 Elimination Rnd,M,Y,true,true,true,false,/results/unit/arcmindivid-----------r64-002800--,/results/unit/arcmindivid-----------r64-002800--,/results/unit/arcmindivid-----------r64-002800--,/ARC/M/INDIVID-----------/R64-/002800--/results,
ARC,ARCMINDIVID-----------R64-002900--,unit,Recurve Men's Ind 1/32 Elimination Rnd,M,Y,true,true,true,false,/results/unit/arcmindivid-----------r64-002900--,/results/unit/arcmindivid-----------r64-002900--,/results/unit/arcmindivid-----------r64-002900--,/ARC/M/INDIVID-----------/R64-/002900--/results,
ARC,ARCMINDIVID-----------R64-003000--,unit,Recurve Men's Ind 1/32 Elimination Rnd,M,Y,true,true,true,false,/results/unit/arcmindivid-----------r64-003000--,/results/unit/arcmindivid-----------r64-003000--,/results/unit/arcmindivid-----------r64-003000--,/ARC/M/INDIVID-----------/R64-/003000--/results,
ARC,ARCMINDIVID-----------R64-003100--,unit,Recurve Men's Ind 1/32 Elimination Rnd,M,Y,true,true,true,false,/results/unit/arcmindivid-----------r64-003100--,/results/unit/arcmindivid-----------r64-003100--,/results/unit/arcmindivid-----------r64-003100--,/ARC/M/INDIVID-----------/R64-/003100--/results,
ARC,ARCMINDIVID-----------R64-003200--,unit,Recurve Men's Ind 1/32 Elimination Rnd,M,Y,true,true,true,false,/results/unit/arcmindivid-----------r64-003200--,/results/unit/arcmindivid-----------r64-003200--,/results/unit/arcmindivid-----------r64-003200--,/ARC/M/INDIVID-----------/R64-/003200--/results,
ARC,ARCMINDIVID-----------SFNL000100--,unit,Recurve Men's Individual Semifinal,M,Y,true,true,true,false,/results/unit/arcmindivid-----------sfnl000100--,/results/unit/arcmindivid-----------sfnl000100--,/results/unit/arcmindivid-----------sfnl000100--,/ARC/M/INDIVID-----------/SFNL/000100--/results,
ARC,ARCMINDIVID-----------SFNL000200--,unit,Recurve Men's Individual Semifinal,M,Y,true,true,true,false,/results/unit/arcmindivid-----------sfnl000200--,/results/unit/arcmindivid-----------sfnl000200--,/results/unit/arcmindivid-----------sfnl000200--,/ARC/M/INDIVID-----------/SFNL/000200--/results,
ARC,ARCMINDIVID-----------TMRY000100--,unit,Recurve Men's Ind 1/32 Elimination Rnd,M,Y,true,true,true,false,/results/unit/arcmindivid-----------tmry000100--,/results/unit/arcmindivid-----------tmry000100--,/results/unit/arcmindivid-----------tmry000100--,/ARC/M/INDIVID-----------/TMRY/000100--/results,
ARC,ARCMINDIVID-----------TMRY000200--,unit,Recurve Men's Ind 1/32 Elimination Rnd,M,Y,true,true,true,false,/results/unit/arcmindivid-----------tmry000200--,/results/unit/arcmindivid-----------tmry000200--,/results/unit/arcmindivid-----------tmry000200--,/ARC/M/INDIVID-----------/TMRY/000200--/results,
ARC,ARCMINDIVID-----------TMRY000300--,unit,Recurve Men's Ind 1/32 Elimination Rnd,M,Y,true,true,true,false,/results/unit/arcmindivid-----------tmry000300--,/results/unit/arcmindivid-----------tmry000300--,/results/unit/arcmindivid-----------tmry000300--,/ARC/M/INDIVID-----------/TMRY/000300--/results,
ARC,ARCMINDIVID-----------TMRY000400--,unit,Recurve Men's Ind 1/16 Elimination Rnd,M,Y,true,true,true,false,/results/unit/arcmindivid-----------tmry000400--,/results/unit/arcmindivid-----------tmry000400--,/results/unit/arcmindivid-----------tmry000400--,/ARC/M/INDIVID-----------/TMRY/000400--/results,
ARC,ARCMINDIVID-----------TMRY000500--,unit,Recurve Men's Ind 1/8 Elimination Rnd,M,Y,true,true,true,false,/results/unit/arcmindivid-----------tmry000500--,/results/unit/arcmindivid-----------tmry000500--,/results/unit/arcmindivid-----------tmry000500--,/ARC/M/INDIVID-----------/TMRY/000500--/results,
ARC,ARCMINDIVID-----------TMRY000600--,unit,Recurve Men's Individual Final Rounds,M,Y,true,true,true,false,/results/unit/arcmindivid-----------tmry000600--,/results/unit/arcmindivid-----------tmry000600--,/results/unit/arcmindivid-----------tmry000600--,/ARC/M/INDIVID-----------/TMRY/000600--/results,
ARC,ARCMINDIVID-----------TMRY000700--,unit,Recurve Men's Individual Final Rounds,M,Y,true,true,true,false,/results/unit/arcmindivid-----------tmry000700--,/results/unit/arcmindivid-----------tmry000700--,/results/unit/arcmindivid-----------tmry000700--,/ARC/M/INDIVID-----------/TMRY/000700--/results,
ARC,ARCMINDIVID-----------TMRY000800--,unit,Recurve Men's Ind 1/32 Elimination Rnd,M,Y,true,true,true,false,/results/unit/arcmindivid-----------tmry000800--,/results/unit/arcmindivid-----------tmry000800--,/results/unit/arcmindivid-----------tmry000800--,/ARC/M/INDIVID-----------/TMRY/000800--/results,
ARC,ARCMINDIVID-----------TMRY000900--,unit,Recurve Men's Ind 1/32 Elimination Rnd,M,Y,true,true,true,false,/results/unit/arcmindivid-----------tmry000900--,/results/unit/arcmindivid-----------tmry000900--,/results/unit/arcmindivid-----------tmry000900--,/ARC/M/INDIVID-----------/TMRY/000900--/results,
ARC,ARCMINDIVID-----------TMRY001000--,unit,Recurve Men's Ind 1/32 Elimination Rnd,M,Y,true,true,true,false,/results/unit/arcmindivid-----------tmry001000--,/results/unit/arcmindivid-----------tmry001000--,/results/unit/arcmindivid-----------tmry001000--,/ARC/M/INDIVID-----------/TMRY/001000--/results,
ARC,ARCMINDIVID-----------TMRY001100--,unit,Recurve Men's Ind 1/16 Elimination Rnd,M,Y,true,true,true,false,/results/unit/arcmindivid-----------tmry001100--,/results/unit/arcmindivid-----------tmry001100--,/results/unit/arcmindivid-----------tmry001100--,/ARC/M/INDIVID-----------/TMRY/001100--/results,
ARC,ARCMINDIVID-----------TMRY001200--,unit,Recurve Men's Ind 1/16 Elimination Rnd,M,Y,true,true,true,false,/results/unit/arcmindivid-----------tmry001200--,/results/unit/arcmindivid-----------tmry001200--,/results/unit/arcmindivid-----------tmry001200--,/ARC/M/INDIVID-----------/TMRY/001200--/results,
ARC,ARCMINDIVID-----------TMRY001300--,unit,Recurve Men's Ind 1/16 Elimination Rnd,M,Y,true,true,true,false,/results/unit/arcmindivid-----------tmry001300--,/results/unit/arcmindivid-----------tmry001300--,/results/unit/arcmindivid-----------tmry001300--,/ARC/M/INDIVID-----------/TMRY/001300--/results,
ARC,ARCMINDIVID-----------TMRY001400--,unit,Recurve Men's Ind 1/16 Elimination Rnd,M,Y,true,true,true,false,/results/unit/arcmindivid-----------tmry001400--,/results/unit/arcmindivid-----------tmry001400--,/results/unit/arcmindivid-----------tmry001400--,/ARC/M/INDIVID-----------/TMRY/001400--/results,
ARC,ARCMINDIVID-----------TMRY001500--,unit,Recurve Men's Ind 1/16 Elimination Rnd,M,Y,true,true,true,false,/results/unit/arcmindivid-----------tmry001500--,/results/unit/arcmindivid-----------tmry001500--,/results/unit/arcmindivid-----------tmry001500--,/ARC/M/INDIVID-----------/TMRY/001500--/results,
ARC,ARCMTEAM3-------------FNL-000100--,unit,Recurve Men's Team Gold Medal Match,M,Y,false,true,true,false,/results/unit/arcmteam3-------------fnl-000100--,/results/unit/arcmteam3-------------fnl-000100--,/results/unit/arcmteam3-------------fnl-000100--,/ARC/M/TEAM3-------------/FNL-/000100--/results,
ARC,ARCMTEAM3-------------FNL-000200--,unit,Recurve Men's Team Bronze Medal Match,M,Y,false,true,true,false,/results/unit/arcmteam3-------------fnl-000200--,/results/unit/arcmteam3-------------fnl-000200--,/results/unit/arcmteam3-------------fnl-000200--,/ARC/M/TEAM3-------------/FNL-/000200--/results,
ARC,ARCMTEAM3-------------QFNL000100--,unit,Recurve Men's Team Quarterfinal,M,Y,true,true,true,false,/results/unit/arcmteam3-------------qfnl000100--,/results/unit/arcmteam3-------------qfnl000100--,/results/unit/arcmteam3-------------qfnl000100--,/ARC/M/TEAM3-------------/QFNL/000100--/results,
ARC,ARCMTEAM3-------------QFNL000200--,unit,Recurve Men's Team Quarterfinal,M,Y,true,true,true,false,/results/unit/arcmteam3-------------qfnl000200--,/results/unit/arcmteam3-------------qfnl000200--,/results/unit/arcmteam3-------------qfnl000200--,/ARC/M/TEAM3-------------/QFNL/000200--/results,
ARC,ARCMTEAM3-------------QFNL000300--,unit,Recurve Men's Team Quarterfinal,M,Y,true,true,true,false,/results/unit/arcmteam3-------------qfnl000300--,/results/unit/arcmteam3-------------qfnl000300--,/results/unit/arcmteam3-------------qfnl000300--,/ARC/M/TEAM3-------------/QFNL/000300--/results,
ARC,ARCMTEAM3-------------QFNL000400--,unit,Recurve Men's Team Quarterfinal,M,Y,true,true,true,false,/results/unit/arcmteam3-------------qfnl000400--,/results/unit/arcmteam3-------------qfnl000400--,/results/unit/arcmteam3-------------qfnl000400--,/ARC/M/TEAM3-------------/QFNL/000400--/results,
ARC,ARCMTEAM3-------------QUAL000100--,unit,Recurve Men's Team Qualification Round,M,S,true,false,false,false,,,,,Shown together with ARCMINDIVID-----------QUAL000100--; special filtering — team qualification not listed as own WMR schedule card (concurrent with individual QUAL)
ARC,ARCMTEAM3-------------SFNL000100--,unit,Recurve Men's Team Semifinal,M,Y,true,true,true,false,/results/unit/arcmteam3-------------sfnl000100--,/results/unit/arcmteam3-------------sfnl000100--,/results/unit/arcmteam3-------------sfnl000100--,/ARC/M/TEAM3-------------/SFNL/000100--/results,
ARC,ARCMTEAM3-------------SFNL000200--,unit,Recurve Men's Team Semifinal,M,Y,true,true,true,false,/results/unit/arcmteam3-------------sfnl000200--,/results/unit/arcmteam3-------------sfnl000200--,/results/unit/arcmteam3-------------sfnl000200--,/ARC/M/TEAM3-------------/SFNL/000200--/results,
ARC,ARCMTEAM3-------------TMRY000100--,unit,Recurve Men's Team Final Rounds,M,Y,true,true,true,false,/results/unit/arcmteam3-------------tmry000100--,/results/unit/arcmteam3-------------tmry000100--,/results/unit/arcmteam3-------------tmry000100--,/ARC/M/TEAM3-------------/TMRY/000100--/results,
ARC,ARCMTEAM3-------------TMRY000200--,unit,Recurve Men's Team Final Rounds,M,Y,true,true,true,false,/results/unit/arcmteam3-------------tmry000200--,/results/unit/arcmteam3-------------tmry000200--,/results/unit/arcmteam3-------------tmry000200--,/ARC/M/TEAM3-------------/TMRY/000200--/results,
ARC,ARCMTEAM3-------------TMRY000300--,unit,Recurve Men's Team Final Rounds,M,Y,true,true,true,false,/results/unit/arcmteam3-------------tmry000300--,/results/unit/arcmteam3-------------tmry000300--,/results/unit/arcmteam3-------------tmry000300--,/ARC/M/TEAM3-------------/TMRY/000300--/results,
ARC,ARCWINDIVID-----------8FNL000100--,unit,Recurve Women's Ind 1/8 Elimination Rnd,W,Y,true,true,true,false,/results/unit/arcwindivid-----------8fnl000100--,/results/unit/arcwindivid-----------8fnl000100--,/results/unit/arcwindivid-----------8fnl000100--,/ARC/W/INDIVID-----------/8FNL/000100--/results,
ARC,ARCWINDIVID-----------8FNL000200--,unit,Recurve Women's Ind 1/8 Elimination Rnd,W,Y,true,true,true,false,/results/unit/arcwindivid-----------8fnl000200--,/results/unit/arcwindivid-----------8fnl000200--,/results/unit/arcwindivid-----------8fnl000200--,/ARC/W/INDIVID-----------/8FNL/000200--/results,
ARC,ARCWINDIVID-----------8FNL000300--,unit,Recurve Women's Ind 1/8 Elimination Rnd,W,Y,true,true,true,false,/results/unit/arcwindivid-----------8fnl000300--,/results/unit/arcwindivid-----------8fnl000300--,/results/unit/arcwindivid-----------8fnl000300--,/ARC/W/INDIVID-----------/8FNL/000300--/results,
ARC,ARCWINDIVID-----------8FNL000400--,unit,Recurve Women's Ind 1/8 Elimination Rnd,W,Y,true,true,true,false,/results/unit/arcwindivid-----------8fnl000400--,/results/unit/arcwindivid-----------8fnl000400--,/results/unit/arcwindivid-----------8fnl000400--,/ARC/W/INDIVID-----------/8FNL/000400--/results,
ARC,ARCWINDIVID-----------8FNL000500--,unit,Recurve Women's Ind 1/8 Elimination Rnd,W,Y,true,true,true,false,/results/unit/arcwindivid-----------8fnl000500--,/results/unit/arcwindivid-----------8fnl000500--,/results/unit/arcwindivid-----------8fnl000500--,/ARC/W/INDIVID-----------/8FNL/000500--/results,
ARC,ARCWINDIVID-----------8FNL000600--,unit,Recurve Women's Ind 1/8 Elimination Rnd,W,Y,true,true,true,false,/results/unit/arcwindivid-----------8fnl000600--,/results/unit/arcwindivid-----------8fnl000600--,/results/unit/arcwindivid-----------8fnl000600--,/ARC/W/INDIVID-----------/8FNL/000600--/results,
ARC,ARCWINDIVID-----------8FNL000700--,unit,Recurve Women's Ind 1/8 Elimination Rnd,W,Y,true,true,true,false,/results/unit/arcwindivid-----------8fnl000700--,/results/unit/arcwindivid-----------8fnl000700--,/results/unit/arcwindivid-----------8fnl000700--,/ARC/W/INDIVID-----------/8FNL/000700--/results,
ARC,ARCWINDIVID-----------8FNL000800--,unit,Recurve Women's Ind 1/8 Elimination Rnd,W,Y,true,true,true,false,/results/unit/arcwindivid-----------8fnl000800--,/results/unit/arcwindivid-----------8fnl000800--,/results/unit/arcwindivid-----------8fnl000800--,/ARC/W/INDIVID-----------/8FNL/000800--/results,
ARC,ARCWINDIVID-----------FNL-000100--,unit,Recurve Women's Ind Gold Medal Match,W,Y,false,true,true,false,/results/unit/arcwindivid-----------fnl-000100--,/results/unit/arcwindivid-----------fnl-000100--,/results/unit/arcwindivid-----------fnl-000100--,/ARC/W/INDIVID-----------/FNL-/000100--/results,
ARC,ARCWINDIVID-----------FNL-000200--,unit,Recurve Women's Ind Bronze Medal Match,W,Y,false,true,true,false,/results/unit/arcwindivid-----------fnl-000200--,/results/unit/arcwindivid-----------fnl-000200--,/results/unit/arcwindivid-----------fnl-000200--,/ARC/W/INDIVID-----------/FNL-/000200--/results,
ARC,ARCWINDIVID-----------QFNL000100--,unit,Recurve Women's Individual Quarterfinal,W,Y,true,true,true,false,/results/unit/arcwindivid-----------qfnl000100--,/results/unit/arcwindivid-----------qfnl000100--,/results/unit/arcwindivid-----------qfnl000100--,/ARC/W/INDIVID-----------/QFNL/000100--/results,
ARC,ARCWINDIVID-----------QFNL000200--,unit,Recurve Women's Individual Quarterfinal,W,Y,true,true,true,false,/results/unit/arcwindivid-----------qfnl000200--,/results/unit/arcwindivid-----------qfnl000200--,/results/unit/arcwindivid-----------qfnl000200--,/ARC/W/INDIVID-----------/QFNL/000200--/results,
ARC,ARCWINDIVID-----------QFNL000300--,unit,Recurve Women's Individual Quarterfinal,W,Y,true,true,true,false,/results/unit/arcwindivid-----------qfnl000300--,/results/unit/arcwindivid-----------qfnl000300--,/results/unit/arcwindivid-----------qfnl000300--,/ARC/W/INDIVID-----------/QFNL/000300--/results,
ARC,ARCWINDIVID-----------QFNL000400--,unit,Recurve Women's Individual Quarterfinal,W,Y,true,true,true,false,/results/unit/arcwindivid-----------qfnl000400--,/results/unit/arcwindivid-----------qfnl000400--,/results/unit/arcwindivid-----------qfnl000400--,/ARC/W/INDIVID-----------/QFNL/000400--/results,
ARC,ARCWINDIVID-----------QUAL000100--,unit,Recurve Women's Ind Qualification Rnd,W,Y,true,true,true,false,/results/unit/arcwindivid-----------qual000100--,/results/unit/arcwindivid-----------qual000100--,/results/unit/arcwindivid-----------qual000100--,/ARC/W/INDIVID-----------/QUAL/000100--/results,
ARC,ARCWINDIVID-----------R32-000100--,unit,Recurve Women's Ind 1/16 Elimination Rnd,W,Y,true,true,true,false,/results/unit/arcwindivid-----------r32-000100--,/results/unit/arcwindivid-----------r32-000100--,/results/unit/arcwindivid-----------r32-000100--,/ARC/W/INDIVID-----------/R32-/000100--/results,
ARC,ARCWINDIVID-----------R32-000200--,unit,Recurve Women's Ind 1/16 Elimination Rnd,W,Y,true,true,true,false,/results/unit/arcwindivid-----------r32-000200--,/results/unit/arcwindivid-----------r32-000200--,/results/unit/arcwindivid-----------r32-000200--,/ARC/W/INDIVID-----------/R32-/000200--/results,
ARC,ARCWINDIVID-----------R32-000300--,unit,Recurve Women's Ind 1/16 Elimination Rnd,W,Y,true,true,true,false,/results/unit/arcwindivid-----------r32-000300--,/results/unit/arcwindivid-----------r32-000300--,/results/unit/arcwindivid-----------r32-000300--,/ARC/W/INDIVID-----------/R32-/000300--/results,
ARC,ARCWINDIVID-----------R32-000400--,unit,Recurve Women's Ind 1/16 Elimination Rnd,W,Y,true,true,true,false,/results/unit/arcwindivid-----------r32-000400--,/results/unit/arcwindivid-----------r32-000400--,/results/unit/arcwindivid-----------r32-000400--,/ARC/W/INDIVID-----------/R32-/000400--/results,
ARC,ARCWINDIVID-----------R32-000500--,unit,Recurve Women's Ind 1/16 Elimination Rnd,W,Y,true,true,true,false,/results/unit/arcwindivid-----------r32-000500--,/results/unit/arcwindivid-----------r32-000500--,/results/unit/arcwindivid-----------r32-000500--,/ARC/W/INDIVID-----------/R32-/000500--/results,
ARC,ARCWINDIVID-----------R32-000600--,unit,Recurve Women's Ind 1/16 Elimination Rnd,W,Y,true,true,true,false,/results/unit/arcwindivid-----------r32-000600--,/results/unit/arcwindivid-----------r32-000600--,/results/unit/arcwindivid-----------r32-000600--,/ARC/W/INDIVID-----------/R32-/000600--/results,
ARC,ARCWINDIVID-----------R32-000700--,unit,Recurve Women's Ind 1/16 Elimination Rnd,W,Y,true,true,true,false,/results/unit/arcwindivid-----------r32-000700--,/results/unit/arcwindivid-----------r32-000700--,/results/unit/arcwindivid-----------r32-000700--,/ARC/W/INDIVID-----------/R32-/000700--/results,
ARC,ARCWINDIVID-----------R32-000800--,unit,Recurve Women's Ind 1/16 Elimination Rnd,W,Y,true,true,true,false,/results/unit/arcwindivid-----------r32-000800--,/results/unit/arcwindivid-----------r32-000800--,/results/unit/arcwindivid-----------r32-000800--,/ARC/W/INDIVID-----------/R32-/000800--/results,
ARC,ARCWINDIVID-----------R32-000900--,unit,Recurve Women's Ind 1/16 Elimination Rnd,W,Y,true,true,true,false,/results/unit/arcwindivid-----------r32-000900--,/results/unit/arcwindivid-----------r32-000900--,/results/unit/arcwindivid-----------r32-000900--,/ARC/W/INDIVID-----------/R32-/000900--/results,
ARC,ARCWINDIVID-----------R32-001000--,unit,Recurve Women's Ind 1/16 Elimination Rnd,W,Y,true,true,true,false,/results/unit/arcwindivid-----------r32-001000--,/results/unit/arcwindivid-----------r32-001000--,/results/unit/arcwindivid-----------r32-001000--,/ARC/W/INDIVID-----------/R32-/001000--/results,
ARC,ARCWINDIVID-----------R32-001100--,unit,Recurve Women's Ind 1/16 Elimination Rnd,W,Y,true,true,true,false,/results/unit/arcwindivid-----------r32-001100--,/results/unit/arcwindivid-----------r32-001100--,/results/unit/arcwindivid-----------r32-001100--,/ARC/W/INDIVID-----------/R32-/001100--/results,
ARC,ARCWINDIVID-----------R32-001200--,unit,Recurve Women's Ind 1/16 Elimination Rnd,W,Y,true,true,true,false,/results/unit/arcwindivid-----------r32-001200--,/results/unit/arcwindivid-----------r32-001200--,/results/unit/arcwindivid-----------r32-001200--,/ARC/W/INDIVID-----------/R32-/001200--/results,
ARC,ARCWINDIVID-----------R32-001300--,unit,Recurve Women's Ind 1/16 Elimination Rnd,W,Y,true,true,true,false,/results/unit/arcwindivid-----------r32-001300--,/results/unit/arcwindivid-----------r32-001300--,/results/unit/arcwindivid-----------r32-001300--,/ARC/W/INDIVID-----------/R32-/001300--/results,
ARC,ARCWINDIVID-----------R32-001400--,unit,Recurve Women's Ind 1/16 Elimination Rnd,W,Y,true,true,true,false,/results/unit/arcwindivid-----------r32-001400--,/results/unit/arcwindivid-----------r32-001400--,/results/unit/arcwindivid-----------r32-001400--,/ARC/W/INDIVID-----------/R32-/001400--/results,
ARC,ARCWINDIVID-----------R32-001500--,unit,Recurve Women's Ind 1/16 Elimination Rnd,W,Y,true,true,true,false,/results/unit/arcwindivid-----------r32-001500--,/results/unit/arcwindivid-----------r32-001500--,/results/unit/arcwindivid-----------r32-001500--,/ARC/W/INDIVID-----------/R32-/001500--/results,
ARC,ARCWINDIVID-----------R32-001600--,unit,Recurve Women's Ind 1/16 Elimination Rnd,W,Y,true,true,true,false,/results/unit/arcwindivid-----------r32-001600--,/results/unit/arcwindivid-----------r32-001600--,/results/unit/arcwindivid-----------r32-001600--,/ARC/W/INDIVID-----------/R32-/001600--/results,
ARC,ARCWINDIVID-----------R64-000100--,unit,Recurve Women's Ind 1/32 Elimination Rnd,W,Y,true,true,true,false,/results/unit/arcwindivid-----------r64-000100--,/results/unit/arcwindivid-----------r64-000100--,/results/unit/arcwindivid-----------r64-000100--,/ARC/W/INDIVID-----------/R64-/000100--/results,
ARC,ARCWINDIVID-----------R64-000200--,unit,Recurve Women's Ind 1/32 Elimination Rnd,W,Y,true,true,true,false,/results/unit/arcwindivid-----------r64-000200--,/results/unit/arcwindivid-----------r64-000200--,/results/unit/arcwindivid-----------r64-000200--,/ARC/W/INDIVID-----------/R64-/000200--/results,
ARC,ARCWINDIVID-----------R64-000300--,unit,Recurve Women's Ind 1/32 Elimination Rnd,W,Y,true,true,true,false,/results/unit/arcwindivid-----------r64-000300--,/results/unit/arcwindivid-----------r64-000300--,/results/unit/arcwindivid-----------r64-000300--,/ARC/W/INDIVID-----------/R64-/000300--/results,
ARC,ARCWINDIVID-----------R64-000400--,unit,Recurve Women's Ind 1/32 Elimination Rnd,W,Y,true,true,true,false,/results/unit/arcwindivid-----------r64-000400--,/results/unit/arcwindivid-----------r64-000400--,/results/unit/arcwindivid-----------r64-000400--,/ARC/W/INDIVID-----------/R64-/000400--/results,
ARC,ARCWINDIVID-----------R64-000500--,unit,Recurve Women's Ind 1/32 Elimination Rnd,W,Y,true,true,true,false,/results/unit/arcwindivid-----------r64-000500--,/results/unit/arcwindivid-----------r64-000500--,/results/unit/arcwindivid-----------r64-000500--,/ARC/W/INDIVID-----------/R64-/000500--/results,
ARC,ARCWINDIVID-----------R64-000600--,unit,Recurve Women's Ind 1/32 Elimination Rnd,W,Y,true,true,true,false,/results/unit/arcwindivid-----------r64-000600--,/results/unit/arcwindivid-----------r64-000600--,/results/unit/arcwindivid-----------r64-000600--,/ARC/W/INDIVID-----------/R64-/000600--/results,
ARC,ARCWINDIVID-----------R64-000700--,unit,Recurve Women's Ind 1/32 Elimination Rnd,W,Y,true,true,true,false,/results/unit/arcwindivid-----------r64-000700--,/results/unit/arcwindivid-----------r64-000700--,/results/unit/arcwindivid-----------r64-000700--,/ARC/W/INDIVID-----------/R64-/000700--/results,
ARC,ARCWINDIVID-----------R64-000800--,unit,Recurve Women's Ind 1/32 Elimination Rnd,W,Y,true,true,true,false,/results/unit/arcwindivid-----------r64-000800--,/results/unit/arcwindivid-----------r64-000800--,/results/unit/arcwindivid-----------r64-000800--,/ARC/W/INDIVID-----------/R64-/000800--/results,
ARC,ARCWINDIVID-----------R64-000900--,unit,Recurve Women's Ind 1/32 Elimination Rnd,W,Y,true,true,true,false,/results/unit/arcwindivid-----------r64-000900--,/results/unit/arcwindivid-----------r64-000900--,/results/unit/arcwindivid-----------r64-000900--,/ARC/W/INDIVID-----------/R64-/000900--/results,
ARC,ARCWINDIVID-----------R64-001000--,unit,Recurve Women's Ind 1/32 Elimination Rnd,W,Y,true,true,true,false,/results/unit/arcwindivid-----------r64-001000--,/results/unit/arcwindivid-----------r64-001000--,/results/unit/arcwindivid-----------r64-001000--,/ARC/W/INDIVID-----------/R64-/001000--/results,
ARC,ARCWINDIVID-----------R64-001100--,unit,Recurve Women's Ind 1/32 Elimination Rnd,W,Y,true,true,true,false,/results/unit/arcwindivid-----------r64-001100--,/results/unit/arcwindivid-----------r64-001100--,/results/unit/arcwindivid-----------r64-001100--,/ARC/W/INDIVID-----------/R64-/001100--/results,
ARC,ARCWINDIVID-----------R64-001200--,unit,Recurve Women's Ind 1/32 Elimination Rnd,W,Y,true,true,true,false,/results/unit/arcwindivid-----------r64-001200--,/results/unit/arcwindivid-----------r64-001200--,/results/unit/arcwindivid-----------r64-001200--,/ARC/W/INDIVID-----------/R64-/001200--/results,
ARC,ARCWINDIVID-----------R64-001300--,unit,Recurve Women's Ind 1/32 Elimination Rnd,W,Y,true,true,true,false,/results/unit/arcwindivid-----------r64-001300--,/results/unit/arcwindivid-----------r64-001300--,/results/unit/arcwindivid-----------r64-001300--,/ARC/W/INDIVID-----------/R64-/001300--/results,
ARC,ARCWINDIVID-----------R64-001400--,unit,Recurve Women's Ind 1/32 Elimination Rnd,W,Y,true,true,true,false,/results/unit/arcwindivid-----------r64-001400--,/results/unit/arcwindivid-----------r64-001400--,/results/unit/arcwindivid-----------r64-001400--,/ARC/W/INDIVID-----------/R64-/001400--/results,
ARC,ARCWINDIVID-----------R64-001500--,unit,Recurve Women's Ind 1/32 Elimination Rnd,W,Y,true,true,true,false,/results/unit/arcwindivid-----------r64-001500--,/results/unit/arcwindivid-----------r64-001500--,/results/unit/arcwindivid-----------r64-001500--,/ARC/W/INDIVID-----------/R64-/001500--/results,
ARC,ARCWINDIVID-----------R64-001600--,unit,Recurve Women's Ind 1/32 Elimination Rnd,W,Y,true,true,true,false,/results/unit/arcwindivid-----------r64-001600--,/results/unit/arcwindivid-----------r64-001600--,/results/unit/arcwindivid-----------r64-001600--,/ARC/W/INDIVID-----------/R64-/001600--/results,
ARC,ARCWINDIVID-----------R64-001700--,unit,Recurve Women's Ind 1/32 Elimination Rnd,W,Y,true,true,true,false,/results/unit/arcwindivid-----------r64-001700--,/results/unit/arcwindivid-----------r64-001700--,/results/unit/arcwindivid-----------r64-001700--,/ARC/W/INDIVID-----------/R64-/001700--/results,
ARC,ARCWINDIVID-----------R64-001800--,unit,Recurve Women's Ind 1/32 Elimination Rnd,W,Y,true,true,true,false,/results/unit/arcwindivid-----------r64-001800--,/results/unit/arcwindivid-----------r64-001800--,/results/unit/arcwindivid-----------r64-001800--,/ARC/W/INDIVID-----------/R64-/001800--/results,
ARC,ARCWINDIVID-----------R64-001900--,unit,Recurve Women's Ind 1/32 Elimination Rnd,W,Y,true,true,true,false,/results/unit/arcwindivid-----------r64-001900--,/results/unit/arcwindivid-----------r64-001900--,/results/unit/arcwindivid-----------r64-001900--,/ARC/W/INDIVID-----------/R64-/001900--/results,
ARC,ARCWINDIVID-----------R64-002000--,unit,Recurve Women's Ind 1/32 Elimination Rnd,W,Y,true,true,true,false,/results/unit/arcwindivid-----------r64-002000--,/results/unit/arcwindivid-----------r64-002000--,/results/unit/arcwindivid-----------r64-002000--,/ARC/W/INDIVID-----------/R64-/002000--/results,
ARC,ARCWINDIVID-----------R64-002100--,unit,Recurve Women's Ind 1/32 Elimination Rnd,W,Y,true,true,true,false,/results/unit/arcwindivid-----------r64-002100--,/results/unit/arcwindivid-----------r64-002100--,/results/unit/arcwindivid-----------r64-002100--,/ARC/W/INDIVID-----------/R64-/002100--/results,
ARC,ARCWINDIVID-----------R64-002200--,unit,Recurve Women's Ind 1/32 Elimination Rnd,W,Y,true,true,true,false,/results/unit/arcwindivid-----------r64-002200--,/results/unit/arcwindivid-----------r64-002200--,/results/unit/arcwindivid-----------r64-002200--,/ARC/W/INDIVID-----------/R64-/002200--/results,
ARC,ARCWINDIVID-----------R64-002300--,unit,Recurve Women's Ind 1/32 Elimination Rnd,W,Y,true,true,true,false,/results/unit/arcwindivid-----------r64-002300--,/results/unit/arcwindivid-----------r64-002300--,/results/unit/arcwindivid-----------r64-002300--,/ARC/W/INDIVID-----------/R64-/002300--/results,
ARC,ARCWINDIVID-----------R64-002400--,unit,Recurve Women's Ind 1/32 Elimination Rnd,W,Y,true,true,true,false,/results/unit/arcwindivid-----------r64-002400--,/results/unit/arcwindivid-----------r64-002400--,/results/unit/arcwindivid-----------r64-002400--,/ARC/W/INDIVID-----------/R64-/002400--/results,
ARC,ARCWINDIVID-----------R64-002500--,unit,Recurve Women's Ind 1/32 Elimination Rnd,W,Y,true,true,true,false,/results/unit/arcwindivid-----------r64-002500--,/results/unit/arcwindivid-----------r64-002500--,/results/unit/arcwindivid-----------r64-002500--,/ARC/W/INDIVID-----------/R64-/002500--/results,
ARC,ARCWINDIVID-----------R64-002600--,unit,Recurve Women's Ind 1/32 Elimination Rnd,W,Y,true,true,true,false,/results/unit/arcwindivid-----------r64-002600--,/results/unit/arcwindivid-----------r64-002600--,/results/unit/arcwindivid-----------r64-002600--,/ARC/W/INDIVID-----------/R64-/002600--/results,
ARC,ARCWINDIVID-----------R64-002700--,unit,Recurve Women's Ind 1/32 Elimination Rnd,W,Y,true,true,true,false,/results/unit/arcwindivid-----------r64-002700--,/results/unit/arcwindivid-----------r64-002700--,/results/unit/arcwindivid-----------r64-002700--,/ARC/W/INDIVID-----------/R64-/002700--/results,
ARC,ARCWINDIVID-----------R64-002800--,unit,Recurve Women's Ind 1/32 Elimination Rnd,W,Y,true,true,true,false,/results/unit/arcwindivid-----------r64-002800--,/results/unit/arcwindivid-----------r64-002800--,/results/unit/arcwindivid-----------r64-002800--,/ARC/W/INDIVID-----------/R64-/002800--/results,
ARC,ARCWINDIVID-----------R64-002900--,unit,Recurve Women's Ind 1/32 Elimination Rnd,W,Y,true,true,true,false,/results/unit/arcwindivid-----------r64-002900--,/results/unit/arcwindivid-----------r64-002900--,/results/unit/arcwindivid-----------r64-002900--,/ARC/W/INDIVID-----------/R64-/002900--/results,
ARC,ARCWINDIVID-----------R64-003000--,unit,Recurve Women's Ind 1/32 Elimination Rnd,W,Y,true,true,true,false,/results/unit/arcwindivid-----------r64-003000--,/results/unit/arcwindivid-----------r64-003000--,/results/unit/arcwindivid-----------r64-003000--,/ARC/W/INDIVID-----------/R64-/003000--/results,
ARC,ARCWINDIVID-----------R64-003100--,unit,Recurve Women's Ind 1/32 Elimination Rnd,W,Y,true,true,true,false,/results/unit/arcwindivid-----------r64-003100--,/results/unit/arcwindivid-----------r64-003100--,/results/unit/arcwindivid-----------r64-003100--,/ARC/W/INDIVID-----------/R64-/003100--/results,
ARC,ARCWINDIVID-----------R64-003200--,unit,Recurve Women's Ind 1/32 Elimination Rnd,W,Y,true,true,true,false,/results/unit/arcwindivid-----------r64-003200--,/results/unit/arcwindivid-----------r64-003200--,/results/unit/arcwindivid-----------r64-003200--,/ARC/W/INDIVID-----------/R64-/003200--/results,
ARC,ARCWINDIVID-----------SFNL000100--,unit,Recurve Women's Individual Semifinal,W,Y,true,true,true,false,/results/unit/arcwindivid-----------sfnl000100--,/results/unit/arcwindivid-----------sfnl000100--,/results/unit/arcwindivid-----------sfnl000100--,/ARC/W/INDIVID-----------/SFNL/000100--/results,
ARC,ARCWINDIVID-----------SFNL000200--,unit,Recurve Women's Individual Semifinal,W,Y,true,true,true,false,/results/unit/arcwindivid-----------sfnl000200--,/results/unit/arcwindivid-----------sfnl000200--,/results/unit/arcwindivid-----------sfnl000200--,/ARC/W/INDIVID-----------/SFNL/000200--/results,
ARC,ARCWINDIVID-----------TMRY000100--,unit,Recurve Women's Ind 1/32 Elimination Rnd,W,Y,true,true,true,false,/results/unit/arcwindivid-----------tmry000100--,/results/unit/arcwindivid-----------tmry000100--,/results/unit/arcwindivid-----------tmry000100--,/ARC/W/INDIVID-----------/TMRY/000100--/results,
ARC,ARCWINDIVID-----------TMRY000200--,unit,Recurve Women's Ind 1/32 Elimination Rnd,W,Y,true,true,true,false,/results/unit/arcwindivid-----------tmry000200--,/results/unit/arcwindivid-----------tmry000200--,/results/unit/arcwindivid-----------tmry000200--,/ARC/W/INDIVID-----------/TMRY/000200--/results,
ARC,ARCWINDIVID-----------TMRY000300--,unit,Recurve Women's Ind 1/32 Elimination Rnd,W,Y,true,true,true,false,/results/unit/arcwindivid-----------tmry000300--,/results/unit/arcwindivid-----------tmry000300--,/results/unit/arcwindivid-----------tmry000300--,/ARC/W/INDIVID-----------/TMRY/000300--/results,
ARC,ARCWINDIVID-----------TMRY000400--,unit,Recurve Women's Ind 1/16 Elimination Rnd,W,Y,true,true,true,false,/results/unit/arcwindivid-----------tmry000400--,/results/unit/arcwindivid-----------tmry000400--,/results/unit/arcwindivid-----------tmry000400--,/ARC/W/INDIVID-----------/TMRY/000400--/results,
ARC,ARCWINDIVID-----------TMRY000500--,unit,Recurve Women's Ind 1/8 Elimination Rnd,W,Y,true,true,true,false,/results/unit/arcwindivid-----------tmry000500--,/results/unit/arcwindivid-----------tmry000500--,/results/unit/arcwindivid-----------tmry000500--,/ARC/W/INDIVID-----------/TMRY/000500--/results,
ARC,ARCWINDIVID-----------TMRY000600--,unit,Recurve Women's Individual Final Rounds,W,Y,true,true,true,false,/results/unit/arcwindivid-----------tmry000600--,/results/unit/arcwindivid-----------tmry000600--,/results/unit/arcwindivid-----------tmry000600--,/ARC/W/INDIVID-----------/TMRY/000600--/results,
ARC,ARCWINDIVID-----------TMRY000700--,unit,Recurve Women's Individual Final Rounds,W,Y,true,true,true,false,/results/unit/arcwindivid-----------tmry000700--,/results/unit/arcwindivid-----------tmry000700--,/results/unit/arcwindivid-----------tmry000700--,/ARC/W/INDIVID-----------/TMRY/000700--/results,
ARC,ARCWINDIVID-----------TMRY000800--,unit,Recurve Women's Ind 1/32 Elimination Rnd,W,Y,true,true,true,false,/results/unit/arcwindivid-----------tmry000800--,/results/unit/arcwindivid-----------tmry000800--,/results/unit/arcwindivid-----------tmry000800--,/ARC/W/INDIVID-----------/TMRY/000800--/results,
ARC,ARCWINDIVID-----------TMRY000900--,unit,Recurve Women's Ind 1/32 Elimination Rnd,W,Y,true,true,true,false,/results/unit/arcwindivid-----------tmry000900--,/results/unit/arcwindivid-----------tmry000900--,/results/unit/arcwindivid-----------tmry000900--,/ARC/W/INDIVID-----------/TMRY/000900--/results,
ARC,ARCWINDIVID-----------TMRY001000--,unit,Recurve Women's Ind 1/32 Elimination Rnd,W,Y,true,true,true,false,/results/unit/arcwindivid-----------tmry001000--,/results/unit/arcwindivid-----------tmry001000--,/results/unit/arcwindivid-----------tmry001000--,/ARC/W/INDIVID-----------/TMRY/001000--/results,
ARC,ARCWINDIVID-----------TMRY001100--,unit,Recurve Women's Ind 1/16 Elimination Rnd,W,Y,true,true,true,false,/results/unit/arcwindivid-----------tmry001100--,/results/unit/arcwindivid-----------tmry001100--,/results/unit/arcwindivid-----------tmry001100--,/ARC/W/INDIVID-----------/TMRY/001100--/results,
ARC,ARCWINDIVID-----------TMRY001200--,unit,Recurve Women's Ind 1/16 Elimination Rnd,W,Y,true,true,true,false,/results/unit/arcwindivid-----------tmry001200--,/results/unit/arcwindivid-----------tmry001200--,/results/unit/arcwindivid-----------tmry001200--,/ARC/W/INDIVID-----------/TMRY/001200--/results,
ARC,ARCWINDIVID-----------TMRY001300--,unit,Recurve Women's Ind 1/16 Elimination Rnd,W,Y,true,true,true,false,/results/unit/arcwindivid-----------tmry001300--,/results/unit/arcwindivid-----------tmry001300--,/results/unit/arcwindivid-----------tmry001300--,/ARC/W/INDIVID-----------/TMRY/001300--/results,
ARC,ARCWINDIVID-----------TMRY001400--,unit,Recurve Women's Ind 1/16 Elimination Rnd,W,Y,true,true,true,false,/results/unit/arcwindivid-----------tmry001400--,/results/unit/arcwindivid-----------tmry001400--,/results/unit/arcwindivid-----------tmry001400--,/ARC/W/INDIVID-----------/TMRY/001400--/results,
ARC,ARCWINDIVID-----------TMRY001500--,unit,Recurve Women's Ind 1/16 Elimination Rnd,W,Y,true,true,true,false,/results/unit/arcwindivid-----------tmry001500--,/results/unit/arcwindivid-----------tmry001500--,/results/unit/arcwindivid-----------tmry001500--,/ARC/W/INDIVID-----------/TMRY/001500--/results,
ARC,ARCWTEAM3-------------FNL-000100--,unit,Recurve Women's Team Gold Medal Match,W,Y,false,true,true,false,/results/unit/arcwteam3-------------fnl-000100--,/results/unit/arcwteam3-------------fnl-000100--,/results/unit/arcwteam3-------------fnl-000100--,/ARC/W/TEAM3-------------/FNL-/000100--/results,
ARC,ARCWTEAM3-------------FNL-000200--,unit,Recurve Women's Team Bronze Medal Match,W,Y,false,true,true,false,/results/unit/arcwteam3-------------fnl-000200--,/results/unit/arcwteam3-------------fnl-000200--,/results/unit/arcwteam3-------------fnl-000200--,/ARC/W/TEAM3-------------/FNL-/000200--/results,
ARC,ARCWTEAM3-------------QFNL000100--,unit,Recurve Women's Team Quarterfinal,W,Y,true,true,true,false,/results/unit/arcwteam3-------------qfnl000100--,/results/unit/arcwteam3-------------qfnl000100--,/results/unit/arcwteam3-------------qfnl000100--,/ARC/W/TEAM3-------------/QFNL/000100--/results,
ARC,ARCWTEAM3-------------QFNL000200--,unit,Recurve Women's Team Quarterfinal,W,Y,true,true,true,false,/results/unit/arcwteam3-------------qfnl000200--,/results/unit/arcwteam3-------------qfnl000200--,/results/unit/arcwteam3-------------qfnl000200--,/ARC/W/TEAM3-------------/QFNL/000200--/results,
ARC,ARCWTEAM3-------------QFNL000300--,unit,Recurve Women's Team Quarterfinal,W,Y,true,true,true,false,/results/unit/arcwteam3-------------qfnl000300--,/results/unit/arcwteam3-------------qfnl000300--,/results/unit/arcwteam3-------------qfnl000300--,/ARC/W/TEAM3-------------/QFNL/000300--/results,
ARC,ARCWTEAM3-------------QFNL000400--,unit,Recurve Women's Team Quarterfinal,W,Y,true,true,true,false,/results/unit/arcwteam3-------------qfnl000400--,/results/unit/arcwteam3-------------qfnl000400--,/results/unit/arcwteam3-------------qfnl000400--,/ARC/W/TEAM3-------------/QFNL/000400--/results,
ARC,ARCWTEAM3-------------QUAL000100--,unit,Recurve Women's Team Qualification Round,W,S,true,false,false,false,,,,,Shown together with ARCWINDIVID-----------QUAL000100--; special filtering — team qualification not listed as own WMR schedule card (concurrent with individual QUAL)
ARC,ARCWTEAM3-------------SFNL000100--,unit,Recurve Women's Team Semifinal,W,Y,true,true,true,false,/results/unit/arcwteam3-------------sfnl000100--,/results/unit/arcwteam3-------------sfnl000100--,/results/unit/arcwteam3-------------sfnl000100--,/ARC/W/TEAM3-------------/SFNL/000100--/results,
ARC,ARCWTEAM3-------------SFNL000200--,unit,Recurve Women's Team Semifinal,W,Y,true,true,true,false,/results/unit/arcwteam3-------------sfnl000200--,/results/unit/arcwteam3-------------sfnl000200--,/results/unit/arcwteam3-------------sfnl000200--,/ARC/W/TEAM3-------------/SFNL/000200--/results,
ARC,ARCWTEAM3-------------TMRY000100--,unit,Recurve Women's Team Final Rounds,W,Y,true,true,true,false,/results/unit/arcwteam3-------------tmry000100--,/results/unit/arcwteam3-------------tmry000100--,/results/unit/arcwteam3-------------tmry000100--,/ARC/W/TEAM3-------------/TMRY/000100--/results,
ARC,ARCWTEAM3-------------TMRY000200--,unit,Recurve Women's Team Final Rounds,W,Y,true,true,true,false,/results/unit/arcwteam3-------------tmry000200--,/results/unit/arcwteam3-------------tmry000200--,/results/unit/arcwteam3-------------tmry000200--,/ARC/W/TEAM3-------------/TMRY/000200--/results,
ARC,ARCWTEAM3-------------TMRY000300--,unit,Recurve Women's Team Final Rounds,W,Y,true,true,true,false,/results/unit/arcwteam3-------------tmry000300--,/results/unit/arcwteam3-------------tmry000300--,/results/unit/arcwteam3-------------tmry000300--,/ARC/W/TEAM3-------------/TMRY/000300--/results,
ARC,ARCXTEAM2-------------8FNL000100--,unit,Recurve Mixed Team 1/8 Elimination Round,X,Y,true,true,true,false,/results/unit/arcxteam2-------------8fnl000100--,/results/unit/arcxteam2-------------8fnl000100--,/results/unit/arcxteam2-------------8fnl000100--,/ARC/X/TEAM2-------------/8FNL/000100--/results,
ARC,ARCXTEAM2-------------8FNL000200--,unit,Recurve Mixed Team 1/8 Elimination Round,X,Y,true,true,true,false,/results/unit/arcxteam2-------------8fnl000200--,/results/unit/arcxteam2-------------8fnl000200--,/results/unit/arcxteam2-------------8fnl000200--,/ARC/X/TEAM2-------------/8FNL/000200--/results,
ARC,ARCXTEAM2-------------8FNL000300--,unit,Recurve Mixed Team 1/8 Elimination Round,X,Y,true,true,true,false,/results/unit/arcxteam2-------------8fnl000300--,/results/unit/arcxteam2-------------8fnl000300--,/results/unit/arcxteam2-------------8fnl000300--,/ARC/X/TEAM2-------------/8FNL/000300--/results,
ARC,ARCXTEAM2-------------8FNL000400--,unit,Recurve Mixed Team 1/8 Elimination Round,X,Y,true,true,true,false,/results/unit/arcxteam2-------------8fnl000400--,/results/unit/arcxteam2-------------8fnl000400--,/results/unit/arcxteam2-------------8fnl000400--,/ARC/X/TEAM2-------------/8FNL/000400--/results,
ARC,ARCXTEAM2-------------8FNL000500--,unit,Recurve Mixed Team 1/8 Elimination Round,X,Y,true,true,true,false,/results/unit/arcxteam2-------------8fnl000500--,/results/unit/arcxteam2-------------8fnl000500--,/results/unit/arcxteam2-------------8fnl000500--,/ARC/X/TEAM2-------------/8FNL/000500--/results,
ARC,ARCXTEAM2-------------8FNL000600--,unit,Recurve Mixed Team 1/8 Elimination Round,X,Y,true,true,true,false,/results/unit/arcxteam2-------------8fnl000600--,/results/unit/arcxteam2-------------8fnl000600--,/results/unit/arcxteam2-------------8fnl000600--,/ARC/X/TEAM2-------------/8FNL/000600--/results,
ARC,ARCXTEAM2-------------8FNL000700--,unit,Recurve Mixed Team 1/8 Elimination Round,X,Y,true,true,true,false,/results/unit/arcxteam2-------------8fnl000700--,/results/unit/arcxteam2-------------8fnl000700--,/results/unit/arcxteam2-------------8fnl000700--,/ARC/X/TEAM2-------------/8FNL/000700--/results,
ARC,ARCXTEAM2-------------8FNL000800--,unit,Recurve Mixed Team 1/8 Elimination Round,X,Y,true,true,true,false,/results/unit/arcxteam2-------------8fnl000800--,/results/unit/arcxteam2-------------8fnl000800--,/results/unit/arcxteam2-------------8fnl000800--,/ARC/X/TEAM2-------------/8FNL/000800--/results,
ARC,ARCXTEAM2-------------FNL-000100--,unit,Recurve Mixed Team Gold Medal Match,X,Y,false,true,true,false,/results/unit/arcxteam2-------------fnl-000100--,/results/unit/arcxteam2-------------fnl-000100--,/results/unit/arcxteam2-------------fnl-000100--,/ARC/X/TEAM2-------------/FNL-/000100--/results,
ARC,ARCXTEAM2-------------FNL-000200--,unit,Recurve Mixed Team Bronze Medal Match,X,Y,false,true,true,false,/results/unit/arcxteam2-------------fnl-000200--,/results/unit/arcxteam2-------------fnl-000200--,/results/unit/arcxteam2-------------fnl-000200--,/ARC/X/TEAM2-------------/FNL-/000200--/results,
ARC,ARCXTEAM2-------------QFNL000100--,unit,Recurve Mixed Team Quarterfinal,X,Y,true,true,true,false,/results/unit/arcxteam2-------------qfnl000100--,/results/unit/arcxteam2-------------qfnl000100--,/results/unit/arcxteam2-------------qfnl000100--,/ARC/X/TEAM2-------------/QFNL/000100--/results,
ARC,ARCXTEAM2-------------QFNL000200--,unit,Recurve Mixed Team Quarterfinal,X,Y,true,true,true,false,/results/unit/arcxteam2-------------qfnl000200--,/results/unit/arcxteam2-------------qfnl000200--,/results/unit/arcxteam2-------------qfnl000200--,/ARC/X/TEAM2-------------/QFNL/000200--/results,
ARC,ARCXTEAM2-------------QFNL000300--,unit,Recurve Mixed Team Quarterfinal,X,Y,true,true,true,false,/results/unit/arcxteam2-------------qfnl000300--,/results/unit/arcxteam2-------------qfnl000300--,/results/unit/arcxteam2-------------qfnl000300--,/ARC/X/TEAM2-------------/QFNL/000300--/results,
ARC,ARCXTEAM2-------------QFNL000400--,unit,Recurve Mixed Team Quarterfinal,X,Y,true,true,true,false,/results/unit/arcxteam2-------------qfnl000400--,/results/unit/arcxteam2-------------qfnl000400--,/results/unit/arcxteam2-------------qfnl000400--,/ARC/X/TEAM2-------------/QFNL/000400--/results,
ARC,ARCXTEAM2-------------QUAL000100--,unit,Recurve Mixed Team Qualification Round,X,S,true,false,false,false,,,,,Shown together with ARCMINDIVID-----------QUAL000100-- and ARCWINDIVID-----------QUAL000100--; special filtering — mixed team qualification not listed as own WMR schedule card (covered by individual M/W QUAL)
ARC,ARCXTEAM2-------------SFNL000100--,unit,Recurve Mixed Team Semifinal,X,Y,true,true,true,false,/results/unit/arcxteam2-------------sfnl000100--,/results/unit/arcxteam2-------------sfnl000100--,/results/unit/arcxteam2-------------sfnl000100--,/ARC/X/TEAM2-------------/SFNL/000100--/results,
ARC,ARCXTEAM2-------------SFNL000200--,unit,Recurve Mixed Team Semifinal,X,Y,true,true,true,false,/results/unit/arcxteam2-------------sfnl000200--,/results/unit/arcxteam2-------------sfnl000200--,/results/unit/arcxteam2-------------sfnl000200--,/ARC/X/TEAM2-------------/SFNL/000200--/results,
ARC,ARCXTEAM2-------------TMRY000100--,unit,Recurve Mixed Team 1/8 Elimination Round,X,Y,true,true,true,false,/results/unit/arcxteam2-------------tmry000100--,/results/unit/arcxteam2-------------tmry000100--,/results/unit/arcxteam2-------------tmry000100--,/ARC/X/TEAM2-------------/TMRY/000100--/results,
ARC,ARCXTEAM2-------------TMRY000200--,unit,Recurve Mixed Team Final Rounds,X,Y,true,true,true,false,/results/unit/arcxteam2-------------tmry000200--,/results/unit/arcxteam2-------------tmry000200--,/results/unit/arcxteam2-------------tmry000200--,/ARC/X/TEAM2-------------/TMRY/000200--/results,
ARC,ARCXTEAM2-------------TMRY000300--,unit,Recurve Mixed Team Final Rounds,X,Y,true,true,true,false,/results/unit/arcxteam2-------------tmry000300--,/results/unit/arcxteam2-------------tmry000300--,/results/unit/arcxteam2-------------tmry000300--,/ARC/X/TEAM2-------------/TMRY/000300--/results,
ARC,ARCXTEAMC-------------8FNL000100--,unit,Compound Mixed Team 1/8 Elimination Rnd,X,Y,true,true,true,false,/results/unit/arcxteamc-------------8fnl000100--,/results/unit/arcxteamc-------------8fnl000100--,/results/unit/arcxteamc-------------8fnl000100--,/ARC/X/TEAMC-------------/8FNL/000100--/results,
ARC,ARCXTEAMC-------------8FNL000200--,unit,Compound Mixed Team 1/8 Elimination Rnd,X,Y,true,true,true,false,/results/unit/arcxteamc-------------8fnl000200--,/results/unit/arcxteamc-------------8fnl000200--,/results/unit/arcxteamc-------------8fnl000200--,/ARC/X/TEAMC-------------/8FNL/000200--/results,
ARC,ARCXTEAMC-------------8FNL000300--,unit,Compound Mixed Team 1/8 Elimination Rnd,X,Y,true,true,true,false,/results/unit/arcxteamc-------------8fnl000300--,/results/unit/arcxteamc-------------8fnl000300--,/results/unit/arcxteamc-------------8fnl000300--,/ARC/X/TEAMC-------------/8FNL/000300--/results,
ARC,ARCXTEAMC-------------8FNL000400--,unit,Compound Mixed Team 1/8 Elimination Rnd,X,Y,true,true,true,false,/results/unit/arcxteamc-------------8fnl000400--,/results/unit/arcxteamc-------------8fnl000400--,/results/unit/arcxteamc-------------8fnl000400--,/ARC/X/TEAMC-------------/8FNL/000400--/results,
ARC,ARCXTEAMC-------------8FNL000500--,unit,Compound Mixed Team 1/8 Elimination Rnd,X,Y,true,true,true,false,/results/unit/arcxteamc-------------8fnl000500--,/results/unit/arcxteamc-------------8fnl000500--,/results/unit/arcxteamc-------------8fnl000500--,/ARC/X/TEAMC-------------/8FNL/000500--/results,
ARC,ARCXTEAMC-------------8FNL000600--,unit,Compound Mixed Team 1/8 Elimination Rnd,X,Y,true,true,true,false,/results/unit/arcxteamc-------------8fnl000600--,/results/unit/arcxteamc-------------8fnl000600--,/results/unit/arcxteamc-------------8fnl000600--,/ARC/X/TEAMC-------------/8FNL/000600--/results,
ARC,ARCXTEAMC-------------8FNL000700--,unit,Compound Mixed Team 1/8 Elimination Rnd,X,Y,true,true,true,false,/results/unit/arcxteamc-------------8fnl000700--,/results/unit/arcxteamc-------------8fnl000700--,/results/unit/arcxteamc-------------8fnl000700--,/ARC/X/TEAMC-------------/8FNL/000700--/results,
ARC,ARCXTEAMC-------------8FNL000800--,unit,Compound Mixed Team 1/8 Elimination Rnd,X,Y,true,true,true,false,/results/unit/arcxteamc-------------8fnl000800--,/results/unit/arcxteamc-------------8fnl000800--,/results/unit/arcxteamc-------------8fnl000800--,/ARC/X/TEAMC-------------/8FNL/000800--/results,
ARC,ARCXTEAMC-------------FNL-000100--,unit,Compound Mixed Team Gold Medal Match,X,Y,false,true,true,false,/results/unit/arcxteamc-------------fnl-000100--,/results/unit/arcxteamc-------------fnl-000100--,/results/unit/arcxteamc-------------fnl-000100--,/ARC/X/TEAMC-------------/FNL-/000100--/results,
ARC,ARCXTEAMC-------------FNL-000200--,unit,Compound Mixed Team Bronze Medal Match,X,Y,false,true,true,false,/results/unit/arcxteamc-------------fnl-000200--,/results/unit/arcxteamc-------------fnl-000200--,/results/unit/arcxteamc-------------fnl-000200--,/ARC/X/TEAMC-------------/FNL-/000200--/results,
ARC,ARCXTEAMC-------------QFNL000100--,unit,Compound Mixed Team Quarterfinal,X,Y,true,true,true,false,/results/unit/arcxteamc-------------qfnl000100--,/results/unit/arcxteamc-------------qfnl000100--,/results/unit/arcxteamc-------------qfnl000100--,/ARC/X/TEAMC-------------/QFNL/000100--/results,
ARC,ARCXTEAMC-------------QFNL000200--,unit,Compound Mixed Team Quarterfinal,X,Y,true,true,true,false,/results/unit/arcxteamc-------------qfnl000200--,/results/unit/arcxteamc-------------qfnl000200--,/results/unit/arcxteamc-------------qfnl000200--,/ARC/X/TEAMC-------------/QFNL/000200--/results,
ARC,ARCXTEAMC-------------QFNL000300--,unit,Compound Mixed Team Quarterfinal,X,Y,true,true,true,false,/results/unit/arcxteamc-------------qfnl000300--,/results/unit/arcxteamc-------------qfnl000300--,/results/unit/arcxteamc-------------qfnl000300--,/ARC/X/TEAMC-------------/QFNL/000300--/results,
ARC,ARCXTEAMC-------------QFNL000400--,unit,Compound Mixed Team Quarterfinal,X,Y,true,true,true,false,/results/unit/arcxteamc-------------qfnl000400--,/results/unit/arcxteamc-------------qfnl000400--,/results/unit/arcxteamc-------------qfnl000400--,/ARC/X/TEAMC-------------/QFNL/000400--/results,
ARC,ARCXTEAMC-------------QUAL00010000,unit,Compound Mixed Team Qualification Round,X,Y,true,true,true,false,/results/unit/arcxteamc-------------qual00010000,/results/unit/arcxteamc-------------qual00010000,/results/unit/arcxteamc-------------qual00010000,/ARC/X/TEAMC-------------/QUAL/00010000/results,
ARC,ARCXTEAMC-------------SFNL000100--,unit,Compound Mixed Team Semifinal,X,Y,true,true,true,false,/results/unit/arcxteamc-------------sfnl000100--,/results/unit/arcxteamc-------------sfnl000100--,/results/unit/arcxteamc-------------sfnl000100--,/ARC/X/TEAMC-------------/SFNL/000100--/results,
ARC,ARCXTEAMC-------------SFNL000200--,unit,Compound Mixed Team Semifinal,X,Y,true,true,true,false,/results/unit/arcxteamc-------------sfnl000200--,/results/unit/arcxteamc-------------sfnl000200--,/results/unit/arcxteamc-------------sfnl000200--,/ARC/X/TEAMC-------------/SFNL/000200--/results,
ARC,ARCXTEAMC-------------TMRY000100--,unit,Compound Mixed Team 1/8 Elimination Rnd,X,Y,true,true,true,false,/results/unit/arcxteamc-------------tmry000100--,/results/unit/arcxteamc-------------tmry000100--,/results/unit/arcxteamc-------------tmry000100--,/ARC/X/TEAMC-------------/TMRY/000100--/results,
ARC,ARCXTEAMC-------------TMRY000200--,unit,Compound Mixed Team Final Rounds,X,Y,true,true,true,false,/results/unit/arcxteamc-------------tmry000200--,/results/unit/arcxteamc-------------tmry000200--,/results/unit/arcxteamc-------------tmry000200--,/ARC/X/TEAMC-------------/TMRY/000200--/results,
ARC,ARCXTEAMC-------------TMRY000300--,unit,Compound Mixed Team Final Rounds,X,Y,true,true,true,false,/results/unit/arcxteamc-------------tmry000300--,/results/unit/arcxteamc-------------tmry000300--,/results/unit/arcxteamc-------------tmry000300--,/ARC/X/TEAMC-------------/TMRY/000300--/results,
BMX,BMXMINDVRACE----------FNL---------,phase,"Men, Final",M,N,true,false,false,false,,,,,
BMX,BMXMINDVRACE----------QFNL--------,phase,"Men, Quarterfinals",M,N,true,false,false,false,,,,,
BMX,BMXMINDVRACE----------REP---------,phase,"Men, Last Chance Race",M,N,true,false,false,false,,,,,
BMX,BMXMINDVRACE----------SFNL--------,phase,"Men, Semifinals",M,N,true,false,false,false,,,,,
BMX,BMXWINDVRACE----------FNL---------,phase,"Women, Final",W,N,true,false,false,false,,,,,
BMX,BMXWINDVRACE----------QFNL--------,phase,"Women, Quarterfinals",W,N,true,false,false,false,,,,,
BMX,BMXWINDVRACE----------REP---------,phase,"Women, Last Chance Race",W,N,true,false,false,false,,,,,
BMX,BMXWINDVRACE----------SFNL--------,phase,"Women, Semifinals",W,N,true,false,false,false,,,,,
BMX,BMXMINDVRACE----------FNL-000100--,unit,"Men, Final",M,Y,true,true,true,false,/results/unit/bmxmindvrace----------fnl-000100--,/results/unit/bmxmindvrace----------fnl-000100--,/results/unit/bmxmindvrace----------fnl-000100--,/BMX/M/INDVRACE----------/FNL-/000100--/results,
BMX,BMXMINDVRACE----------QFNL00010000,unit,"Men, Quarterfinals Run 1",M,Y,true,true,true,false,/results/unit/bmxmindvrace----------qfnl00010000,/results/unit/bmxmindvrace----------qfnl00010000,/results/unit/bmxmindvrace----------qfnl00010000,/BMX/M/INDVRACE----------/QFNL/00010000/results,
BMX,BMXMINDVRACE----------QFNL00010001,unit,"Men, Quarterfinals Run 1 Heat 1",M,S,true,false,false,false,,,,,
BMX,BMXMINDVRACE----------QFNL00010002,unit,"Men, Quarterfinals Run 1 Heat 2",M,S,true,false,false,false,,,,,
BMX,BMXMINDVRACE----------QFNL00010003,unit,"Men, Quarterfinals Run 1 Heat 3",M,S,true,false,false,false,,,,,
BMX,BMXMINDVRACE----------QFNL00020000,unit,"Men, Quarterfinals Run 2",M,Y,true,true,true,false,/results/unit/bmxmindvrace----------qfnl00020000,/results/unit/bmxmindvrace----------qfnl00020000,/results/unit/bmxmindvrace----------qfnl00020000,/BMX/M/INDVRACE----------/QFNL/00020000/results,
BMX,BMXMINDVRACE----------QFNL00020001,unit,"Men, Quarterfinals Run 2 Heat 1",M,S,true,false,false,false,,,,,
BMX,BMXMINDVRACE----------QFNL00020002,unit,"Men, Quarterfinals Run 2 Heat 2",M,S,true,false,false,false,,,,,
BMX,BMXMINDVRACE----------QFNL00020003,unit,"Men, Quarterfinals Run 2 Heat 3",M,S,true,false,false,false,,,,,
BMX,BMXMINDVRACE----------QFNL00030000,unit,"Men, Quarterfinals Run 3",M,Y,true,true,true,false,/results/unit/bmxmindvrace----------qfnl00030000,/results/unit/bmxmindvrace----------qfnl00030000,/results/unit/bmxmindvrace----------qfnl00030000,/BMX/M/INDVRACE----------/QFNL/00030000/results,
BMX,BMXMINDVRACE----------QFNL00030001,unit,"Men, Quarterfinals Run 3 Heat 1",M,S,true,false,false,false,,,,,
BMX,BMXMINDVRACE----------QFNL00030002,unit,"Men, Quarterfinals Run 3 Heat 2",M,S,true,false,false,false,,,,,
BMX,BMXMINDVRACE----------QFNL00030003,unit,"Men, Quarterfinals Run 3 Heat 3",M,S,true,false,false,false,,,,,
BMX,BMXMINDVRACE----------REP-000100--,unit,"Men, Last Chance Race",M,Y,true,true,true,false,/results/unit/bmxmindvrace----------rep-000100--,/results/unit/bmxmindvrace----------rep-000100--,/results/unit/bmxmindvrace----------rep-000100--,/BMX/M/INDVRACE----------/REP-/000100--/results,
BMX,BMXMINDVRACE----------SFNL00010000,unit,"Men, Semifinals Run 1",M,Y,true,true,true,false,/results/unit/bmxmindvrace----------sfnl00010000,/results/unit/bmxmindvrace----------sfnl00010000,/results/unit/bmxmindvrace----------sfnl00010000,/BMX/M/INDVRACE----------/SFNL/00010000/results,
BMX,BMXMINDVRACE----------SFNL00010001,unit,"Men, Semifinals Run 1 Heat 1",M,S,true,false,false,false,,,,,
BMX,BMXMINDVRACE----------SFNL00010002,unit,"Men, Semifinals Run 1 Heat 2",M,S,true,false,false,false,,,,,
BMX,BMXMINDVRACE----------SFNL00020000,unit,"Men, Semifinals Run 2",M,Y,true,true,true,false,/results/unit/bmxmindvrace----------sfnl00020000,/results/unit/bmxmindvrace----------sfnl00020000,/results/unit/bmxmindvrace----------sfnl00020000,/BMX/M/INDVRACE----------/SFNL/00020000/results,
BMX,BMXMINDVRACE----------SFNL00020001,unit,"Men, Semifinals Run 2 Heat 1",M,S,true,false,false,false,,,,,
BMX,BMXMINDVRACE----------SFNL00020002,unit,"Men, Semifinals Run 2 Heat 2",M,S,true,false,false,false,,,,,
BMX,BMXMINDVRACE----------SFNL00030000,unit,"Men, Semifinals Run 3",M,Y,true,true,true,false,/results/unit/bmxmindvrace----------sfnl00030000,/results/unit/bmxmindvrace----------sfnl00030000,/results/unit/bmxmindvrace----------sfnl00030000,/BMX/M/INDVRACE----------/SFNL/00030000/results,
BMX,BMXMINDVRACE----------SFNL00030001,unit,"Men, Semifinals Run 3 Heat 1",M,S,true,false,false,false,,,,,
BMX,BMXMINDVRACE----------SFNL00030002,unit,"Men, Semifinals Run 3 Heat 2",M,S,true,false,false,false,,,,,
BMX,BMXWINDVRACE----------FNL-000100--,unit,"Women, Final",W,Y,true,true,true,false,/results/unit/bmxwindvrace----------fnl-000100--,/results/unit/bmxwindvrace----------fnl-000100--,/results/unit/bmxwindvrace----------fnl-000100--,/BMX/W/INDVRACE----------/FNL-/000100--/results,
BMX,BMXWINDVRACE----------QFNL00010000,unit,"Women, Quarterfinals Run 1",W,Y,true,true,true,false,/results/unit/bmxwindvrace----------qfnl00010000,/results/unit/bmxwindvrace----------qfnl00010000,/results/unit/bmxwindvrace----------qfnl00010000,/BMX/W/INDVRACE----------/QFNL/00010000/results,
BMX,BMXWINDVRACE----------QFNL00010001,unit,"Women, Quarterfinals Run 1 Heat 1",W,S,true,false,false,false,,,,,
BMX,BMXWINDVRACE----------QFNL00010002,unit,"Women, Quarterfinals Run 1 Heat 2",W,S,true,false,false,false,,,,,
BMX,BMXWINDVRACE----------QFNL00010003,unit,"Women, Quarterfinals Run 1 Heat 3",W,S,true,false,false,false,,,,,
BMX,BMXWINDVRACE----------QFNL00020000,unit,"Women, Quarterfinals Run 2",W,Y,true,true,true,false,/results/unit/bmxwindvrace----------qfnl00020000,/results/unit/bmxwindvrace----------qfnl00020000,/results/unit/bmxwindvrace----------qfnl00020000,/BMX/W/INDVRACE----------/QFNL/00020000/results,
BMX,BMXWINDVRACE----------QFNL00020001,unit,"Women, Quarterfinals Run 2 Heat 1",W,S,true,false,false,false,,,,,
BMX,BMXWINDVRACE----------QFNL00020002,unit,"Women, Quarterfinals Run 2 Heat 2",W,S,true,false,false,false,,,,,
BMX,BMXWINDVRACE----------QFNL00020003,unit,"Women, Quarterfinals Run 2 Heat 3",W,S,true,false,false,false,,,,,
BMX,BMXWINDVRACE----------QFNL00030000,unit,"Women, Quarterfinals Run 3",W,Y,true,true,true,false,/results/unit/bmxwindvrace----------qfnl00030000,/results/unit/bmxwindvrace----------qfnl00030000,/results/unit/bmxwindvrace----------qfnl00030000,/BMX/W/INDVRACE----------/QFNL/00030000/results,
BMX,BMXWINDVRACE----------QFNL00030001,unit,"Women, Quarterfinals Run 3 Heat 1",W,S,true,false,false,false,,,,,
BMX,BMXWINDVRACE----------QFNL00030002,unit,"Women, Quarterfinals Run 3 Heat 2",W,S,true,false,false,false,,,,,
BMX,BMXWINDVRACE----------QFNL00030003,unit,"Women, Quarterfinals Run 3 Heat 3",W,S,true,false,false,false,,,,,
BMX,BMXWINDVRACE----------REP-000100--,unit,"Women, Last Chance Race",W,Y,true,true,true,false,/results/unit/bmxwindvrace----------rep-000100--,/results/unit/bmxwindvrace----------rep-000100--,/results/unit/bmxwindvrace----------rep-000100--,/BMX/W/INDVRACE----------/REP-/000100--/results,
BMX,BMXWINDVRACE----------SFNL00010000,unit,"Women, Semifinals Run 1",W,Y,true,true,true,false,/results/unit/bmxwindvrace----------sfnl00010000,/results/unit/bmxwindvrace----------sfnl00010000,/results/unit/bmxwindvrace----------sfnl00010000,/BMX/W/INDVRACE----------/SFNL/00010000/results,
BMX,BMXWINDVRACE----------SFNL00010001,unit,"Women, Semifinals Run 1 Heat 1",W,S,true,false,false,false,,,,,
BMX,BMXWINDVRACE----------SFNL00010002,unit,"Women, Semifinals Run 1 Heat 2",W,S,true,false,false,false,,,,,
BMX,BMXWINDVRACE----------SFNL00020000,unit,"Women, Semifinals Run 2",W,Y,true,true,true,false,/results/unit/bmxwindvrace----------sfnl00020000,/results/unit/bmxwindvrace----------sfnl00020000,/results/unit/bmxwindvrace----------sfnl00020000,/BMX/W/INDVRACE----------/SFNL/00020000/results,
BMX,BMXWINDVRACE----------SFNL00020001,unit,"Women, Semifinals Run 2 Heat 1",W,S,true,false,false,false,,,,,
BMX,BMXWINDVRACE----------SFNL00020002,unit,"Women, Semifinals Run 2 Heat 2",W,S,true,false,false,false,,,,,
BMX,BMXWINDVRACE----------SFNL00030000,unit,"Women, Semifinals Run 3",W,Y,true,true,true,false,/results/unit/bmxwindvrace----------sfnl00030000,/results/unit/bmxwindvrace----------sfnl00030000,/results/unit/bmxwindvrace----------sfnl00030000,/BMX/W/INDVRACE----------/SFNL/00030000/results,
BMX,BMXWINDVRACE----------SFNL00030001,unit,"Women, Semifinals Run 3 Heat 1",W,S,true,false,false,false,,,,,
BMX,BMXWINDVRACE----------SFNL00030002,unit,"Women, Semifinals Run 3 Heat 2",W,S,true,false,false,false,,,,,
CKT,CKTMT20---------------FNL---------,phase,Men's Medal Matches,M,N,false,false,false,false,,,,,
CKT,CKTMT20---------------GP1---------,phase,Men's Group Stage,M,N,false,false,false,false,,,,,
CKT,CKTMT20---------------GP1A--------,phase,Men's Group Stage Group A,M,N,false,false,false,false,,,,,
CKT,CKTMT20---------------GP1B--------,phase,Men's Group Stage Group B,M,N,false,false,false,false,,,,,
CKT,CKTMT20---------------GP2---------,phase,Men's Second Round,M,N,false,false,false,false,,,,,
CKT,CKTMT20---------------TMRY--------,phase,Cricket Session Schedules,M,N,false,false,false,false,,,,,
CKT,CKTWT20---------------FNL---------,phase,Women's Medal Matches,W,N,false,false,false,false,,,,,
CKT,CKTWT20---------------GP1---------,phase,Women's Group Stage,W,N,false,false,false,false,,,,,
CKT,CKTWT20---------------GP1A--------,phase,Women's Group Stage Group A,W,N,false,false,false,false,,,,,
CKT,CKTWT20---------------GP1B--------,phase,Women's Group Stage Group B,W,N,false,false,false,false,,,,,
CKT,CKTWT20---------------GP2---------,phase,Women's Second Round,W,N,false,false,false,false,,,,,
CKT,CKTWT20---------------TMRY--------,phase,Cricket Session Schedules,W,N,false,false,false,false,,,,,
CKT,CKTMT20---------------FNL-000100--,unit,Men's Gold Medal Match,M,Y,false,true,true,false,/results/unit/cktmt20---------------fnl-000100--,/results/unit/cktmt20---------------fnl-000100--,/results/unit/cktmt20---------------fnl-000100--,/CKT/M/T20---------------/FNL-/000100--/results,
CKT,CKTMT20---------------FNL-000200--,unit,Men's Bronze Medal Match,M,Y,false,true,true,false,/results/unit/cktmt20---------------fnl-000200--,/results/unit/cktmt20---------------fnl-000200--,/results/unit/cktmt20---------------fnl-000200--,/CKT/M/T20---------------/FNL-/000200--/results,
CKT,CKTMT20---------------GP1A000100--,unit,Men's Group Stage Group A,M,Y,false,true,true,false,/results/unit/cktmt20---------------gp1a000100--,/results/unit/cktmt20---------------gp1a000100--,/results/unit/cktmt20---------------gp1a000100--,/CKT/M/T20---------------/GP1A/000100--/results,
CKT,CKTMT20---------------GP1A000200--,unit,Men's Group Stage Group A,M,Y,false,true,true,false,/results/unit/cktmt20---------------gp1a000200--,/results/unit/cktmt20---------------gp1a000200--,/results/unit/cktmt20---------------gp1a000200--,/CKT/M/T20---------------/GP1A/000200--/results,
CKT,CKTMT20---------------GP1A000300--,unit,Men's Group Stage Group A,M,Y,false,true,true,false,/results/unit/cktmt20---------------gp1a000300--,/results/unit/cktmt20---------------gp1a000300--,/results/unit/cktmt20---------------gp1a000300--,/CKT/M/T20---------------/GP1A/000300--/results,
CKT,CKTMT20---------------GP1B000100--,unit,Men's Group Stage Group B,M,Y,false,true,true,false,/results/unit/cktmt20---------------gp1b000100--,/results/unit/cktmt20---------------gp1b000100--,/results/unit/cktmt20---------------gp1b000100--,/CKT/M/T20---------------/GP1B/000100--/results,
CKT,CKTMT20---------------GP1B000200--,unit,Men's Group Stage Group B,M,Y,false,true,true,false,/results/unit/cktmt20---------------gp1b000200--,/results/unit/cktmt20---------------gp1b000200--,/results/unit/cktmt20---------------gp1b000200--,/CKT/M/T20---------------/GP1B/000200--/results,
CKT,CKTMT20---------------GP1B000300--,unit,Men's Group Stage Group B,M,Y,false,true,true,false,/results/unit/cktmt20---------------gp1b000300--,/results/unit/cktmt20---------------gp1b000300--,/results/unit/cktmt20---------------gp1b000300--,/CKT/M/T20---------------/GP1B/000300--/results,
CKT,CKTMT20---------------GP2-000100--,unit,Men's Second Round,M,Y,false,true,true,false,/results/unit/cktmt20---------------gp2-000100--,/results/unit/cktmt20---------------gp2-000100--,/results/unit/cktmt20---------------gp2-000100--,/CKT/M/T20---------------/GP2-/000100--/results,
CKT,CKTMT20---------------GP2-000200--,unit,Men's Second Round,M,Y,false,true,true,false,/results/unit/cktmt20---------------gp2-000200--,/results/unit/cktmt20---------------gp2-000200--,/results/unit/cktmt20---------------gp2-000200--,/CKT/M/T20---------------/GP2-/000200--/results,
CKT,CKTMT20---------------GP2-000300--,unit,Men's Second Round,M,Y,false,true,true,false,/results/unit/cktmt20---------------gp2-000300--,/results/unit/cktmt20---------------gp2-000300--,/results/unit/cktmt20---------------gp2-000300--,/CKT/M/T20---------------/GP2-/000300--/results,
CKT,CKTMT20---------------GP2-000400--,unit,Men's Second Round,M,Y,false,true,true,false,/results/unit/cktmt20---------------gp2-000400--,/results/unit/cktmt20---------------gp2-000400--,/results/unit/cktmt20---------------gp2-000400--,/CKT/M/T20---------------/GP2-/000400--/results,
CKT,CKTMT20---------------GP2-000500--,unit,Men's Second Round,M,Y,false,true,true,false,/results/unit/cktmt20---------------gp2-000500--,/results/unit/cktmt20---------------gp2-000500--,/results/unit/cktmt20---------------gp2-000500--,/CKT/M/T20---------------/GP2-/000500--/results,
CKT,CKTMT20---------------GP2-000600--,unit,Men's Second Round,M,Y,false,true,true,false,/results/unit/cktmt20---------------gp2-000600--,/results/unit/cktmt20---------------gp2-000600--,/results/unit/cktmt20---------------gp2-000600--,/CKT/M/T20---------------/GP2-/000600--/results,
CKT,CKTMT20---------------TMRY000100--,unit,Men's Group Stage,M,Y,false,true,true,false,/results/unit/cktmt20---------------tmry000100--,/results/unit/cktmt20---------------tmry000100--,/results/unit/cktmt20---------------tmry000100--,/CKT/M/T20---------------/TMRY/000100--/results,
CKT,CKTMT20---------------TMRY000200--,unit,Men's Group Stage,M,Y,false,true,true,false,/results/unit/cktmt20---------------tmry000200--,/results/unit/cktmt20---------------tmry000200--,/results/unit/cktmt20---------------tmry000200--,/CKT/M/T20---------------/TMRY/000200--/results,
CKT,CKTMT20---------------TMRY000300--,unit,Men's Group Stage,M,Y,false,true,true,false,/results/unit/cktmt20---------------tmry000300--,/results/unit/cktmt20---------------tmry000300--,/results/unit/cktmt20---------------tmry000300--,/CKT/M/T20---------------/TMRY/000300--/results,
CKT,CKTMT20---------------TMRY000400--,unit,Men's Group Stage,M,Y,false,true,true,false,/results/unit/cktmt20---------------tmry000400--,/results/unit/cktmt20---------------tmry000400--,/results/unit/cktmt20---------------tmry000400--,/CKT/M/T20---------------/TMRY/000400--/results,
CKT,CKTMT20---------------TMRY000500--,unit,Men's Group Stage,M,Y,false,true,true,false,/results/unit/cktmt20---------------tmry000500--,/results/unit/cktmt20---------------tmry000500--,/results/unit/cktmt20---------------tmry000500--,/CKT/M/T20---------------/TMRY/000500--/results,
CKT,CKTMT20---------------TMRY000600--,unit,Men's Group Stage,M,Y,false,true,true,false,/results/unit/cktmt20---------------tmry000600--,/results/unit/cktmt20---------------tmry000600--,/results/unit/cktmt20---------------tmry000600--,/CKT/M/T20---------------/TMRY/000600--/results,
CKT,CKTWT20---------------FNL-000100--,unit,Women's Gold Medal Match,W,Y,false,true,true,false,/results/unit/cktwt20---------------fnl-000100--,/results/unit/cktwt20---------------fnl-000100--,/results/unit/cktwt20---------------fnl-000100--,/CKT/W/T20---------------/FNL-/000100--/results,
CKT,CKTWT20---------------FNL-000200--,unit,Women's Bronze Medal Match,W,Y,false,true,true,false,/results/unit/cktwt20---------------fnl-000200--,/results/unit/cktwt20---------------fnl-000200--,/results/unit/cktwt20---------------fnl-000200--,/CKT/W/T20---------------/FNL-/000200--/results,
CKT,CKTWT20---------------GP1A000100--,unit,Women's Group Stage Group A,W,Y,false,true,true,false,/results/unit/cktwt20---------------gp1a000100--,/results/unit/cktwt20---------------gp1a000100--,/results/unit/cktwt20---------------gp1a000100--,/CKT/W/T20---------------/GP1A/000100--/results,
CKT,CKTWT20---------------GP1A000200--,unit,Women's Group Stage Group A,W,Y,false,true,true,false,/results/unit/cktwt20---------------gp1a000200--,/results/unit/cktwt20---------------gp1a000200--,/results/unit/cktwt20---------------gp1a000200--,/CKT/W/T20---------------/GP1A/000200--/results,
CKT,CKTWT20---------------GP1A000300--,unit,Women's Group Stage Group A,W,Y,false,true,true,false,/results/unit/cktwt20---------------gp1a000300--,/results/unit/cktwt20---------------gp1a000300--,/results/unit/cktwt20---------------gp1a000300--,/CKT/W/T20---------------/GP1A/000300--/results,
CKT,CKTWT20---------------GP1B000100--,unit,Women's Group Stage Group B,W,Y,false,true,true,false,/results/unit/cktwt20---------------gp1b000100--,/results/unit/cktwt20---------------gp1b000100--,/results/unit/cktwt20---------------gp1b000100--,/CKT/W/T20---------------/GP1B/000100--/results,
CKT,CKTWT20---------------GP1B000200--,unit,Women's Group Stage Group B,W,Y,false,true,true,false,/results/unit/cktwt20---------------gp1b000200--,/results/unit/cktwt20---------------gp1b000200--,/results/unit/cktwt20---------------gp1b000200--,/CKT/W/T20---------------/GP1B/000200--/results,
CKT,CKTWT20---------------GP1B000300--,unit,Women's Group Stage Group B,W,Y,false,true,true,false,/results/unit/cktwt20---------------gp1b000300--,/results/unit/cktwt20---------------gp1b000300--,/results/unit/cktwt20---------------gp1b000300--,/CKT/W/T20---------------/GP1B/000300--/results,
CKT,CKTWT20---------------GP2-000100--,unit,Women's Second Round,W,Y,false,true,true,false,/results/unit/cktwt20---------------gp2-000100--,/results/unit/cktwt20---------------gp2-000100--,/results/unit/cktwt20---------------gp2-000100--,/CKT/W/T20---------------/GP2-/000100--/results,
CKT,CKTWT20---------------GP2-000200--,unit,Women's Second Round,W,Y,false,true,true,false,/results/unit/cktwt20---------------gp2-000200--,/results/unit/cktwt20---------------gp2-000200--,/results/unit/cktwt20---------------gp2-000200--,/CKT/W/T20---------------/GP2-/000200--/results,
CKT,CKTWT20---------------GP2-000300--,unit,Women's Second Round,W,Y,false,true,true,false,/results/unit/cktwt20---------------gp2-000300--,/results/unit/cktwt20---------------gp2-000300--,/results/unit/cktwt20---------------gp2-000300--,/CKT/W/T20---------------/GP2-/000300--/results,
CKT,CKTWT20---------------GP2-000400--,unit,Women's Second Round,W,Y,false,true,true,false,/results/unit/cktwt20---------------gp2-000400--,/results/unit/cktwt20---------------gp2-000400--,/results/unit/cktwt20---------------gp2-000400--,/CKT/W/T20---------------/GP2-/000400--/results,
CKT,CKTWT20---------------GP2-000500--,unit,Women's Second Round,W,Y,false,true,true,false,/results/unit/cktwt20---------------gp2-000500--,/results/unit/cktwt20---------------gp2-000500--,/results/unit/cktwt20---------------gp2-000500--,/CKT/W/T20---------------/GP2-/000500--/results,
CKT,CKTWT20---------------GP2-000600--,unit,Women's Second Round,W,Y,false,true,true,false,/results/unit/cktwt20---------------gp2-000600--,/results/unit/cktwt20---------------gp2-000600--,/results/unit/cktwt20---------------gp2-000600--,/CKT/W/T20---------------/GP2-/000600--/results,
CKT,CKTWT20---------------TMRY000100--,unit,Women's Group Stage,W,Y,false,true,true,false,/results/unit/cktwt20---------------tmry000100--,/results/unit/cktwt20---------------tmry000100--,/results/unit/cktwt20---------------tmry000100--,/CKT/W/T20---------------/TMRY/000100--/results,
CKT,CKTWT20---------------TMRY000200--,unit,Women's Group Stage,W,Y,false,true,true,false,/results/unit/cktwt20---------------tmry000200--,/results/unit/cktwt20---------------tmry000200--,/results/unit/cktwt20---------------tmry000200--,/CKT/W/T20---------------/TMRY/000200--/results,
CKT,CKTWT20---------------TMRY000300--,unit,Women's Group Stage,W,Y,false,true,true,false,/results/unit/cktwt20---------------tmry000300--,/results/unit/cktwt20---------------tmry000300--,/results/unit/cktwt20---------------tmry000300--,/CKT/W/T20---------------/TMRY/000300--/results,
CKT,CKTWT20---------------TMRY000400--,unit,Women's Group Stage,W,Y,false,true,true,false,/results/unit/cktwt20---------------tmry000400--,/results/unit/cktwt20---------------tmry000400--,/results/unit/cktwt20---------------tmry000400--,/CKT/W/T20---------------/TMRY/000400--/results,
CKT,CKTWT20---------------TMRY000500--,unit,Women's Group Stage,W,Y,false,true,true,false,/results/unit/cktwt20---------------tmry000500--,/results/unit/cktwt20---------------tmry000500--,/results/unit/cktwt20---------------tmry000500--,/CKT/W/T20---------------/TMRY/000500--/results,
CKT,CKTWT20---------------TMRY000600--,unit,Women's Group Stage,W,Y,false,true,true,false,/results/unit/cktwt20---------------tmry000600--,/results/unit/cktwt20---------------tmry000600--,/results/unit/cktwt20---------------tmry000600--,/CKT/W/T20---------------/TMRY/000600--/results,
CLB,CLBMBOULDER-----------FNL---------,phase,Men's Boulder Final,M,N,false,false,false,false,,,,,
CLB,CLBMBOULDER-----------SFNL--------,phase,Men's Boulder Semifinal,M,N,false,false,false,false,,,,,
CLB,CLBMLEAD--------------FNL---------,phase,Men's Lead Final,M,N,false,false,false,false,,,,,
CLB,CLBMLEAD--------------SFNL--------,phase,Men's Lead Semifinal,M,N,false,false,false,false,,,,,
CLB,CLBMSPEED-------------FNL---------,phase,Men's Speed Finals,M,Y,false,true,true,false,/results/unit/clbmspeed-------------fnl-000100--,/results/unit/clbmspeed-------------fnl-000100--,/results/unit/clbmspeed-------------fnl-000100--,/CLB/M/SPEED-------------/FNL-/000100--/results,Schedule RSC override → CLBMSPEED-------------FNL-000100--; shared Speed brackets/finals page
CLB,CLBMSPEED-------------QFNL--------,phase,Men's Speed Quarterfinals,M,Y,false,true,true,false,/results/unit/clbmspeed-------------fnl-000100--,/results/unit/clbmspeed-------------fnl-000100--,/results/unit/clbmspeed-------------fnl-000100--,/CLB/M/SPEED-------------/FNL-/000100--/results,Schedule RSC override → CLBMSPEED-------------FNL-000100--; QFNL/SFNL/FNL share one brackets view (merged override cells)
CLB,CLBMSPEED-------------QUAL--------,phase,Men's Speed Qualification,M,N,false,false,false,false,,,,,
CLB,CLBMSPEED-------------SFNL--------,phase,Men's Speed Semifinals,M,Y,false,true,true,false,/results/unit/clbmspeed-------------fnl-000100--,/results/unit/clbmspeed-------------fnl-000100--,/results/unit/clbmspeed-------------fnl-000100--,/CLB/M/SPEED-------------/FNL-/000100--/results,Schedule RSC override → CLBMSPEED-------------FNL-000100--; QFNL/SFNL/FNL share one brackets view (merged override cells)
CLB,CLBWBOULDER-----------FNL---------,phase,Women's Boulder Final,W,N,false,false,false,false,,,,,
CLB,CLBWBOULDER-----------SFNL--------,phase,Women's Boulder Semifinal,W,N,false,false,false,false,,,,,
CLB,CLBWLEAD--------------FNL---------,phase,Women's Lead Final,W,N,false,false,false,false,,,,,
CLB,CLBWLEAD--------------SFNL--------,phase,Women's Lead Semifinal,W,N,false,false,false,false,,,,,
CLB,CLBWSPEED-------------FNL---------,phase,Women's Speed Finals,W,Y,false,true,true,false,/results/unit/clbwspeed-------------fnl-000100--,/results/unit/clbwspeed-------------fnl-000100--,/results/unit/clbwspeed-------------fnl-000100--,/CLB/W/SPEED-------------/FNL-/000100--/results,Schedule RSC override → CLBWSPEED-------------FNL-000100--; shared Speed brackets/finals page
CLB,CLBWSPEED-------------QFNL--------,phase,Women's Speed Quarterfinals,W,Y,false,true,true,false,/results/unit/clbwspeed-------------fnl-000100--,/results/unit/clbwspeed-------------fnl-000100--,/results/unit/clbwspeed-------------fnl-000100--,/CLB/W/SPEED-------------/FNL-/000100--/results,Schedule RSC override → CLBWSPEED-------------FNL-000100--; QFNL/SFNL/FNL share one brackets view (merged override cells)
CLB,CLBWSPEED-------------QUAL--------,phase,Women's Speed Qualification,W,N,false,false,false,false,,,,,
CLB,CLBWSPEED-------------SFNL--------,phase,Women's Speed Semifinals,W,Y,false,true,true,false,/results/unit/clbwspeed-------------fnl-000100--,/results/unit/clbwspeed-------------fnl-000100--,/results/unit/clbwspeed-------------fnl-000100--,/CLB/W/SPEED-------------/FNL-/000100--/results,Schedule RSC override → CLBWSPEED-------------FNL-000100--; QFNL/SFNL/FNL share one brackets view (merged override cells)
CLB,CLBMBOULDER-----------FNL-000100--,unit,Men's Boulder Final,M,Y,false,true,true,false,/results/unit/clbmboulder-----------fnl-000100--,/results/unit/clbmboulder-----------fnl-000100--,/results/unit/clbmboulder-----------fnl-000100--,/CLB/M/BOULDER-----------/FNL-/000100--/results,
CLB,CLBMBOULDER-----------SFNL000100--,unit,Men's Boulder Semifinal,M,Y,false,true,true,false,/results/unit/clbmboulder-----------sfnl000100--,/results/unit/clbmboulder-----------sfnl000100--,/results/unit/clbmboulder-----------sfnl000100--,/CLB/M/BOULDER-----------/SFNL/000100--/results,
CLB,CLBMLEAD--------------FNL-000100--,unit,Men's Lead Final,M,Y,false,true,true,false,/results/unit/clbmlead--------------fnl-000100--,/results/unit/clbmlead--------------fnl-000100--,/results/unit/clbmlead--------------fnl-000100--,/CLB/M/LEAD--------------/FNL-/000100--/results,
CLB,CLBMLEAD--------------SFNL000100--,unit,Men's Lead Semifinal,M,Y,false,true,true,false,/results/unit/clbmlead--------------sfnl000100--,/results/unit/clbmlead--------------sfnl000100--,/results/unit/clbmlead--------------sfnl000100--,/CLB/M/LEAD--------------/SFNL/000100--/results,
CLB,CLBMSPEED-------------FNL-000100--,unit,"Men's Speed, Big Final",M,S,false,false,false,false,,,,,
CLB,CLBMSPEED-------------FNL-000200--,unit,"Men's Speed, Small Final",M,S,false,false,false,false,,,,,
CLB,CLBMSPEED-------------QFNL000100--,unit,"Men's Speed, Quarterfinal",M,S,false,false,false,false,,,,,
CLB,CLBMSPEED-------------QFNL000200--,unit,"Men's Speed, Quarterfinal",M,S,false,false,false,false,,,,,
CLB,CLBMSPEED-------------QFNL000300--,unit,"Men's Speed, Quarterfinal",M,S,false,false,false,false,,,,,
CLB,CLBMSPEED-------------QFNL000400--,unit,"Men's Speed, Quarterfinal",M,S,false,false,false,false,,,,,
CLB,CLBMSPEED-------------QUAL0001SD--,unit,"Men's Speed, Qualification Seeding",M,Y,false,true,true,false,/results/unit/clbmspeed-------------qual0001sd--,/results/unit/clbmspeed-------------qual0001sd--,/results/unit/clbmspeed-------------qual0001sd--,/CLB/M/SPEED-------------/QUAL/0001SD--/results,
CLB,CLBMSPEED-------------QUAL0002EL00,unit,"Men's Speed, Qualification Elimination",M,Y,false,true,true,false,/results/unit/clbmspeed-------------qual0002el00,/results/unit/clbmspeed-------------qual0002el00,/results/unit/clbmspeed-------------qual0002el00,/CLB/M/SPEED-------------/QUAL/0002EL00/results,
CLB,CLBMSPEED-------------QUAL0002EL01,unit,"Men's Speed, Qualification Elimination",M,S,false,false,false,false,,,,,
CLB,CLBMSPEED-------------QUAL0002EL02,unit,"Men's Speed, Qualification Elimination",M,S,false,false,false,false,,,,,
CLB,CLBMSPEED-------------QUAL0002EL03,unit,"Men's Speed, Qualification Elimination",M,S,false,false,false,false,,,,,
CLB,CLBMSPEED-------------QUAL0002EL04,unit,"Men's Speed, Qualification Elimination",M,S,false,false,false,false,,,,,
CLB,CLBMSPEED-------------QUAL0002EL05,unit,"Men's Speed, Qualification Elimination",M,S,false,false,false,false,,,,,
CLB,CLBMSPEED-------------QUAL0002EL06,unit,"Men's Speed, Qualification Elimination",M,S,false,false,false,false,,,,,
CLB,CLBMSPEED-------------QUAL0002EL07,unit,"Men's Speed, Qualification Elimination",M,S,false,false,false,false,,,,,
CLB,CLBMSPEED-------------SFNL000100--,unit,"Men's Speed, Semifinal",M,S,false,false,false,false,,,,,
CLB,CLBMSPEED-------------SFNL000200--,unit,"Men's Speed, Semifinal",M,S,false,false,false,false,,,,,
CLB,CLBWBOULDER-----------FNL-000100--,unit,Women's Boulder Final,W,Y,false,true,true,false,/results/unit/clbwboulder-----------fnl-000100--,/results/unit/clbwboulder-----------fnl-000100--,/results/unit/clbwboulder-----------fnl-000100--,/CLB/W/BOULDER-----------/FNL-/000100--/results,
CLB,CLBWBOULDER-----------SFNL000100--,unit,Women's Boulder Semifinal,W,Y,false,true,true,false,/results/unit/clbwboulder-----------sfnl000100--,/results/unit/clbwboulder-----------sfnl000100--,/results/unit/clbwboulder-----------sfnl000100--,/CLB/W/BOULDER-----------/SFNL/000100--/results,
CLB,CLBWLEAD--------------FNL-000100--,unit,Women's Lead Final,W,Y,false,true,true,false,/results/unit/clbwlead--------------fnl-000100--,/results/unit/clbwlead--------------fnl-000100--,/results/unit/clbwlead--------------fnl-000100--,/CLB/W/LEAD--------------/FNL-/000100--/results,
CLB,CLBWLEAD--------------SFNL000100--,unit,Women's Lead Semifinal,W,Y,false,true,true,false,/results/unit/clbwlead--------------sfnl000100--,/results/unit/clbwlead--------------sfnl000100--,/results/unit/clbwlead--------------sfnl000100--,/CLB/W/LEAD--------------/SFNL/000100--/results,
CLB,CLBWSPEED-------------FNL-000100--,unit,"Women's Speed, Big Final",W,S,false,false,false,false,,,,,
CLB,CLBWSPEED-------------FNL-000200--,unit,"Women's Speed, Small Final",W,S,false,false,false,false,,,,,
CLB,CLBWSPEED-------------QFNL000100--,unit,"Women's Speed, Quarterfinal",W,S,false,false,false,false,,,,,
CLB,CLBWSPEED-------------QFNL000200--,unit,"Women's Speed, Quarterfinal",W,S,false,false,false,false,,,,,
CLB,CLBWSPEED-------------QFNL000300--,unit,"Women's Speed, Quarterfinal",W,S,false,false,false,false,,,,,
CLB,CLBWSPEED-------------QFNL000400--,unit,"Women's Speed, Quarterfinal",W,S,false,false,false,false,,,,,
CLB,CLBWSPEED-------------QUAL0001SD--,unit,"Women's Speed, Qualification Seeding",W,Y,false,true,true,false,/results/unit/clbwspeed-------------qual0001sd--,/results/unit/clbwspeed-------------qual0001sd--,/results/unit/clbwspeed-------------qual0001sd--,/CLB/W/SPEED-------------/QUAL/0001SD--/results,
CLB,CLBWSPEED-------------QUAL0002EL00,unit,"Women's Speed, Qualification Elimination",W,Y,false,true,true,false,/results/unit/clbwspeed-------------qual0002el00,/results/unit/clbwspeed-------------qual0002el00,/results/unit/clbwspeed-------------qual0002el00,/CLB/W/SPEED-------------/QUAL/0002EL00/results,
CLB,CLBWSPEED-------------QUAL0002EL01,unit,"Women's Speed, Qualification Elimination",W,S,false,false,false,false,,,,,
CLB,CLBWSPEED-------------QUAL0002EL02,unit,"Women's Speed, Qualification Elimination",W,S,false,false,false,false,,,,,
CLB,CLBWSPEED-------------QUAL0002EL03,unit,"Women's Speed, Qualification Elimination",W,S,false,false,false,false,,,,,
CLB,CLBWSPEED-------------QUAL0002EL04,unit,"Women's Speed, Qualification Elimination",W,S,false,false,false,false,,,,,
CLB,CLBWSPEED-------------QUAL0002EL05,unit,"Women's Speed, Qualification Elimination",W,S,false,false,false,false,,,,,
CLB,CLBWSPEED-------------QUAL0002EL06,unit,"Women's Speed, Qualification Elimination",W,S,false,false,false,false,,,,,
CLB,CLBWSPEED-------------QUAL0002EL07,unit,"Women's Speed, Qualification Elimination",W,S,false,false,false,false,,,,,
CLB,CLBWSPEED-------------SFNL000100--,unit,"Women's Speed, Semifinal",W,S,false,false,false,false,,,,,
CLB,CLBWSPEED-------------SFNL000200--,unit,"Women's Speed, Semifinal",W,S,false,false,false,false,,,,,
CRD,CRDMRR----------------FNL---------,phase,Men's Road Race,M,N,false,false,false,false,,,,,
CRD,CRDMTT----------------FNL---------,phase,Men's Individual Time Trial,M,N,false,false,false,false,,,,,
CRD,CRDWRR----------------FNL---------,phase,Women's Road Race,W,N,false,false,false,false,,,,,
CRD,CRDWTT----------------FNL---------,phase,Women's Individual Time Trial,W,N,false,false,false,false,,,,,
CRD,CRDMRR----------------FNL-000100--,unit,Men's Road Race,M,Y,false,true,true,false,/results/unit/crdmrr----------------fnl-000100--,/results/unit/crdmrr----------------fnl-000100--,/results/unit/crdmrr----------------fnl-000100--,/CRD/M/RR----------------/FNL-/000100--/results,
CRD,CRDMTT----------------FNL-000100--,unit,Men's Individual Time Trial,M,Y,false,true,true,false,/results/unit/crdmtt----------------fnl-000100--,/results/unit/crdmtt----------------fnl-000100--,/results/unit/crdmtt----------------fnl-000100--,/CRD/M/TT----------------/FNL-/000100--/results,
CRD,CRDWRR----------------FNL-000100--,unit,Women's Road Race,W,Y,false,true,true,false,/results/unit/crdwrr----------------fnl-000100--,/results/unit/crdwrr----------------fnl-000100--,/results/unit/crdwrr----------------fnl-000100--,/CRD/W/RR----------------/FNL-/000100--/results,
CRD,CRDWTT----------------FNL-000100--,unit,Women's Individual Time Trial,W,Y,false,true,true,false,/results/unit/crdwtt----------------fnl-000100--,/results/unit/crdwtt----------------fnl-000100--,/results/unit/crdwtt----------------fnl-000100--,/CRD/W/TT----------------/FNL-/000100--/results,
FBL,FBLMTEAM11------------FNL---------,phase,Men's Finals,M,N,false,false,false,false,,,,,
FBL,FBLMTEAM11------------GP----------,phase,Men's Group Stage,M,N,false,false,false,false,,,,,
FBL,FBLMTEAM11------------GPA---------,phase,Men's Group A,M,N,false,false,false,false,,,,,
FBL,FBLMTEAM11------------GPB---------,phase,Men's Group B,M,N,false,false,false,false,,,,,
FBL,FBLMTEAM11------------GPC---------,phase,Men's Group C,M,N,false,false,false,false,,,,,
FBL,FBLMTEAM11------------QFNL--------,phase,Men's Quarter-finals,M,N,false,false,false,false,,,,,
FBL,FBLMTEAM11------------SFNL--------,phase,Men's Semi-finals,M,N,false,false,false,false,,,,,
FBL,FBLWTEAM11------------FNL---------,phase,Women's Finals,W,N,false,false,false,false,,,,,
FBL,FBLWTEAM11------------GP----------,phase,Women's Group Stage,W,N,false,false,false,false,,,,,
FBL,FBLWTEAM11------------GPA---------,phase,Women's Group A,W,N,false,false,false,false,,,,,
FBL,FBLWTEAM11------------GPB---------,phase,Women's Group B,W,N,false,false,false,false,,,,,
FBL,FBLWTEAM11------------GPC---------,phase,Women's Group C,W,N,false,false,false,false,,,,,
FBL,FBLWTEAM11------------GPD---------,phase,Women's Group D,W,N,false,false,false,false,,,,,
FBL,FBLWTEAM11------------QFNL--------,phase,Women's Quarter-finals,W,N,false,false,false,false,,,,,
FBL,FBLWTEAM11------------SFNL--------,phase,Women's Semi-finals,W,N,false,false,false,false,,,,,
FBL,FBLMTEAM11------------FNL-000100--,unit,Men's Gold Medal Match,M,Y,false,true,true,false,/results/unit/fblmteam11------------fnl-000100--,/results/unit/fblmteam11------------fnl-000100--,/results/unit/fblmteam11------------fnl-000100--,/FBL/M/TEAM11------------/FNL-/000100--/results,
FBL,FBLMTEAM11------------FNL-000200--,unit,Men's Bronze Medal Match,M,Y,false,true,true,false,/results/unit/fblmteam11------------fnl-000200--,/results/unit/fblmteam11------------fnl-000200--,/results/unit/fblmteam11------------fnl-000200--,/FBL/M/TEAM11------------/FNL-/000200--/results,
FBL,FBLMTEAM11------------GPA-000100--,unit,Men's Group A,M,Y,false,true,true,false,/results/unit/fblmteam11------------gpa-000100--,/results/unit/fblmteam11------------gpa-000100--,/results/unit/fblmteam11------------gpa-000100--,/FBL/M/TEAM11------------/GPA-/000100--/results,
FBL,FBLMTEAM11------------GPA-000200--,unit,Men's Group A,M,Y,false,true,true,false,/results/unit/fblmteam11------------gpa-000200--,/results/unit/fblmteam11------------gpa-000200--,/results/unit/fblmteam11------------gpa-000200--,/FBL/M/TEAM11------------/GPA-/000200--/results,
FBL,FBLMTEAM11------------GPA-000300--,unit,Men's Group A,M,Y,false,true,true,false,/results/unit/fblmteam11------------gpa-000300--,/results/unit/fblmteam11------------gpa-000300--,/results/unit/fblmteam11------------gpa-000300--,/FBL/M/TEAM11------------/GPA-/000300--/results,
FBL,FBLMTEAM11------------GPA-000400--,unit,Men's Group A,M,Y,false,true,true,false,/results/unit/fblmteam11------------gpa-000400--,/results/unit/fblmteam11------------gpa-000400--,/results/unit/fblmteam11------------gpa-000400--,/FBL/M/TEAM11------------/GPA-/000400--/results,
FBL,FBLMTEAM11------------GPA-000500--,unit,Men's Group A,M,Y,false,true,true,false,/results/unit/fblmteam11------------gpa-000500--,/results/unit/fblmteam11------------gpa-000500--,/results/unit/fblmteam11------------gpa-000500--,/FBL/M/TEAM11------------/GPA-/000500--/results,
FBL,FBLMTEAM11------------GPA-000600--,unit,Men's Group A,M,Y,false,true,true,false,/results/unit/fblmteam11------------gpa-000600--,/results/unit/fblmteam11------------gpa-000600--,/results/unit/fblmteam11------------gpa-000600--,/FBL/M/TEAM11------------/GPA-/000600--/results,
FBL,FBLMTEAM11------------GPB-000100--,unit,Men's Group B,M,Y,false,true,true,false,/results/unit/fblmteam11------------gpb-000100--,/results/unit/fblmteam11------------gpb-000100--,/results/unit/fblmteam11------------gpb-000100--,/FBL/M/TEAM11------------/GPB-/000100--/results,
FBL,FBLMTEAM11------------GPB-000200--,unit,Men's Group B,M,Y,false,true,true,false,/results/unit/fblmteam11------------gpb-000200--,/results/unit/fblmteam11------------gpb-000200--,/results/unit/fblmteam11------------gpb-000200--,/FBL/M/TEAM11------------/GPB-/000200--/results,
FBL,FBLMTEAM11------------GPB-000300--,unit,Men's Group B,M,Y,false,true,true,false,/results/unit/fblmteam11------------gpb-000300--,/results/unit/fblmteam11------------gpb-000300--,/results/unit/fblmteam11------------gpb-000300--,/FBL/M/TEAM11------------/GPB-/000300--/results,
FBL,FBLMTEAM11------------GPB-000400--,unit,Men's Group B,M,Y,false,true,true,false,/results/unit/fblmteam11------------gpb-000400--,/results/unit/fblmteam11------------gpb-000400--,/results/unit/fblmteam11------------gpb-000400--,/FBL/M/TEAM11------------/GPB-/000400--/results,
FBL,FBLMTEAM11------------GPB-000500--,unit,Men's Group B,M,Y,false,true,true,false,/results/unit/fblmteam11------------gpb-000500--,/results/unit/fblmteam11------------gpb-000500--,/results/unit/fblmteam11------------gpb-000500--,/FBL/M/TEAM11------------/GPB-/000500--/results,
FBL,FBLMTEAM11------------GPB-000600--,unit,Men's Group B,M,Y,false,true,true,false,/results/unit/fblmteam11------------gpb-000600--,/results/unit/fblmteam11------------gpb-000600--,/results/unit/fblmteam11------------gpb-000600--,/FBL/M/TEAM11------------/GPB-/000600--/results,
FBL,FBLMTEAM11------------GPC-000100--,unit,Men's Group C,M,Y,false,true,true,false,/results/unit/fblmteam11------------gpc-000100--,/results/unit/fblmteam11------------gpc-000100--,/results/unit/fblmteam11------------gpc-000100--,/FBL/M/TEAM11------------/GPC-/000100--/results,
FBL,FBLMTEAM11------------GPC-000200--,unit,Men's Group C,M,Y,false,true,true,false,/results/unit/fblmteam11------------gpc-000200--,/results/unit/fblmteam11------------gpc-000200--,/results/unit/fblmteam11------------gpc-000200--,/FBL/M/TEAM11------------/GPC-/000200--/results,
FBL,FBLMTEAM11------------GPC-000300--,unit,Men's Group C,M,Y,false,true,true,false,/results/unit/fblmteam11------------gpc-000300--,/results/unit/fblmteam11------------gpc-000300--,/results/unit/fblmteam11------------gpc-000300--,/FBL/M/TEAM11------------/GPC-/000300--/results,
FBL,FBLMTEAM11------------GPC-000400--,unit,Men's Group C,M,Y,false,true,true,false,/results/unit/fblmteam11------------gpc-000400--,/results/unit/fblmteam11------------gpc-000400--,/results/unit/fblmteam11------------gpc-000400--,/FBL/M/TEAM11------------/GPC-/000400--/results,
FBL,FBLMTEAM11------------GPC-000500--,unit,Men's Group C,M,Y,false,true,true,false,/results/unit/fblmteam11------------gpc-000500--,/results/unit/fblmteam11------------gpc-000500--,/results/unit/fblmteam11------------gpc-000500--,/FBL/M/TEAM11------------/GPC-/000500--/results,
FBL,FBLMTEAM11------------GPC-000600--,unit,Men's Group C,M,Y,false,true,true,false,/results/unit/fblmteam11------------gpc-000600--,/results/unit/fblmteam11------------gpc-000600--,/results/unit/fblmteam11------------gpc-000600--,/FBL/M/TEAM11------------/GPC-/000600--/results,
FBL,FBLMTEAM11------------QFNL000100--,unit,Men's Quarter-final,M,Y,false,true,true,false,/results/unit/fblmteam11------------qfnl000100--,/results/unit/fblmteam11------------qfnl000100--,/results/unit/fblmteam11------------qfnl000100--,/FBL/M/TEAM11------------/QFNL/000100--/results,
FBL,FBLMTEAM11------------QFNL000200--,unit,Men's Quarter-final,M,Y,false,true,true,false,/results/unit/fblmteam11------------qfnl000200--,/results/unit/fblmteam11------------qfnl000200--,/results/unit/fblmteam11------------qfnl000200--,/FBL/M/TEAM11------------/QFNL/000200--/results,
FBL,FBLMTEAM11------------QFNL000300--,unit,Men's Quarter-final,M,Y,false,true,true,false,/results/unit/fblmteam11------------qfnl000300--,/results/unit/fblmteam11------------qfnl000300--,/results/unit/fblmteam11------------qfnl000300--,/FBL/M/TEAM11------------/QFNL/000300--/results,
FBL,FBLMTEAM11------------QFNL000400--,unit,Men's Quarter-final,M,Y,false,true,true,false,/results/unit/fblmteam11------------qfnl000400--,/results/unit/fblmteam11------------qfnl000400--,/results/unit/fblmteam11------------qfnl000400--,/FBL/M/TEAM11------------/QFNL/000400--/results,
FBL,FBLMTEAM11------------SFNL000100--,unit,Men's Semi-final,M,Y,false,true,true,false,/results/unit/fblmteam11------------sfnl000100--,/results/unit/fblmteam11------------sfnl000100--,/results/unit/fblmteam11------------sfnl000100--,/FBL/M/TEAM11------------/SFNL/000100--/results,
FBL,FBLMTEAM11------------SFNL000200--,unit,Men's Semi-final,M,Y,false,true,true,false,/results/unit/fblmteam11------------sfnl000200--,/results/unit/fblmteam11------------sfnl000200--,/results/unit/fblmteam11------------sfnl000200--,/FBL/M/TEAM11------------/SFNL/000200--/results,
FBL,FBLWTEAM11------------FNL-000100--,unit,Women's Gold Medal Match,W,Y,false,true,true,false,/results/unit/fblwteam11------------fnl-000100--,/results/unit/fblwteam11------------fnl-000100--,/results/unit/fblwteam11------------fnl-000100--,/FBL/W/TEAM11------------/FNL-/000100--/results,
FBL,FBLWTEAM11------------FNL-000200--,unit,Women's Bronze Medal Match,W,Y,false,true,true,false,/results/unit/fblwteam11------------fnl-000200--,/results/unit/fblwteam11------------fnl-000200--,/results/unit/fblwteam11------------fnl-000200--,/FBL/W/TEAM11------------/FNL-/000200--/results,
FBL,FBLWTEAM11------------GPA-000100--,unit,Women's Group A,W,Y,false,true,true,false,/results/unit/fblwteam11------------gpa-000100--,/results/unit/fblwteam11------------gpa-000100--,/results/unit/fblwteam11------------gpa-000100--,/FBL/W/TEAM11------------/GPA-/000100--/results,
FBL,FBLWTEAM11------------GPA-000200--,unit,Women's Group A,W,Y,false,true,true,false,/results/unit/fblwteam11------------gpa-000200--,/results/unit/fblwteam11------------gpa-000200--,/results/unit/fblwteam11------------gpa-000200--,/FBL/W/TEAM11------------/GPA-/000200--/results,
FBL,FBLWTEAM11------------GPA-000300--,unit,Women's Group A,W,Y,false,true,true,false,/results/unit/fblwteam11------------gpa-000300--,/results/unit/fblwteam11------------gpa-000300--,/results/unit/fblwteam11------------gpa-000300--,/FBL/W/TEAM11------------/GPA-/000300--/results,
FBL,FBLWTEAM11------------GPA-000400--,unit,Women's Group A,W,Y,false,true,true,false,/results/unit/fblwteam11------------gpa-000400--,/results/unit/fblwteam11------------gpa-000400--,/results/unit/fblwteam11------------gpa-000400--,/FBL/W/TEAM11------------/GPA-/000400--/results,
FBL,FBLWTEAM11------------GPA-000500--,unit,Women's Group A,W,Y,false,true,true,false,/results/unit/fblwteam11------------gpa-000500--,/results/unit/fblwteam11------------gpa-000500--,/results/unit/fblwteam11------------gpa-000500--,/FBL/W/TEAM11------------/GPA-/000500--/results,
FBL,FBLWTEAM11------------GPA-000600--,unit,Women's Group A,W,Y,false,true,true,false,/results/unit/fblwteam11------------gpa-000600--,/results/unit/fblwteam11------------gpa-000600--,/results/unit/fblwteam11------------gpa-000600--,/FBL/W/TEAM11------------/GPA-/000600--/results,
FBL,FBLWTEAM11------------GPB-000100--,unit,Women's Group B,W,Y,false,true,true,false,/results/unit/fblwteam11------------gpb-000100--,/results/unit/fblwteam11------------gpb-000100--,/results/unit/fblwteam11------------gpb-000100--,/FBL/W/TEAM11------------/GPB-/000100--/results,
FBL,FBLWTEAM11------------GPB-000200--,unit,Women's Group B,W,Y,false,true,true,false,/results/unit/fblwteam11------------gpb-000200--,/results/unit/fblwteam11------------gpb-000200--,/results/unit/fblwteam11------------gpb-000200--,/FBL/W/TEAM11------------/GPB-/000200--/results,
FBL,FBLWTEAM11------------GPB-000300--,unit,Women's Group B,W,Y,false,true,true,false,/results/unit/fblwteam11------------gpb-000300--,/results/unit/fblwteam11------------gpb-000300--,/results/unit/fblwteam11------------gpb-000300--,/FBL/W/TEAM11------------/GPB-/000300--/results,
FBL,FBLWTEAM11------------GPB-000400--,unit,Women's Group B,W,Y,false,true,true,false,/results/unit/fblwteam11------------gpb-000400--,/results/unit/fblwteam11------------gpb-000400--,/results/unit/fblwteam11------------gpb-000400--,/FBL/W/TEAM11------------/GPB-/000400--/results,
FBL,FBLWTEAM11------------GPB-000500--,unit,Women's Group B,W,Y,false,true,true,false,/results/unit/fblwteam11------------gpb-000500--,/results/unit/fblwteam11------------gpb-000500--,/results/unit/fblwteam11------------gpb-000500--,/FBL/W/TEAM11------------/GPB-/000500--/results,
FBL,FBLWTEAM11------------GPB-000600--,unit,Women's Group B,W,Y,false,true,true,false,/results/unit/fblwteam11------------gpb-000600--,/results/unit/fblwteam11------------gpb-000600--,/results/unit/fblwteam11------------gpb-000600--,/FBL/W/TEAM11------------/GPB-/000600--/results,
FBL,FBLWTEAM11------------GPC-000100--,unit,Women's Group C,W,Y,false,true,true,false,/results/unit/fblwteam11------------gpc-000100--,/results/unit/fblwteam11------------gpc-000100--,/results/unit/fblwteam11------------gpc-000100--,/FBL/W/TEAM11------------/GPC-/000100--/results,
FBL,FBLWTEAM11------------GPC-000200--,unit,Women's Group C,W,Y,false,true,true,false,/results/unit/fblwteam11------------gpc-000200--,/results/unit/fblwteam11------------gpc-000200--,/results/unit/fblwteam11------------gpc-000200--,/FBL/W/TEAM11------------/GPC-/000200--/results,
FBL,FBLWTEAM11------------GPC-000300--,unit,Women's Group C,W,Y,false,true,true,false,/results/unit/fblwteam11------------gpc-000300--,/results/unit/fblwteam11------------gpc-000300--,/results/unit/fblwteam11------------gpc-000300--,/FBL/W/TEAM11------------/GPC-/000300--/results,
FBL,FBLWTEAM11------------GPC-000400--,unit,Women's Group C,W,Y,false,true,true,false,/results/unit/fblwteam11------------gpc-000400--,/results/unit/fblwteam11------------gpc-000400--,/results/unit/fblwteam11------------gpc-000400--,/FBL/W/TEAM11------------/GPC-/000400--/results,
FBL,FBLWTEAM11------------GPC-000500--,unit,Women's Group C,W,Y,false,true,true,false,/results/unit/fblwteam11------------gpc-000500--,/results/unit/fblwteam11------------gpc-000500--,/results/unit/fblwteam11------------gpc-000500--,/FBL/W/TEAM11------------/GPC-/000500--/results,
FBL,FBLWTEAM11------------GPC-000600--,unit,Women's Group C,W,Y,false,true,true,false,/results/unit/fblwteam11------------gpc-000600--,/results/unit/fblwteam11------------gpc-000600--,/results/unit/fblwteam11------------gpc-000600--,/FBL/W/TEAM11------------/GPC-/000600--/results,
FBL,FBLWTEAM11------------GPD-000100--,unit,Women's Group D,W,Y,false,true,true,false,/results/unit/fblwteam11------------gpd-000100--,/results/unit/fblwteam11------------gpd-000100--,/results/unit/fblwteam11------------gpd-000100--,/FBL/W/TEAM11------------/GPD-/000100--/results,
FBL,FBLWTEAM11------------GPD-000200--,unit,Women's Group D,W,Y,false,true,true,false,/results/unit/fblwteam11------------gpd-000200--,/results/unit/fblwteam11------------gpd-000200--,/results/unit/fblwteam11------------gpd-000200--,/FBL/W/TEAM11------------/GPD-/000200--/results,
FBL,FBLWTEAM11------------GPD-000300--,unit,Women's Group D,W,Y,false,true,true,false,/results/unit/fblwteam11------------gpd-000300--,/results/unit/fblwteam11------------gpd-000300--,/results/unit/fblwteam11------------gpd-000300--,/FBL/W/TEAM11------------/GPD-/000300--/results,
FBL,FBLWTEAM11------------GPD-000400--,unit,Women's Group D,W,Y,false,true,true,false,/results/unit/fblwteam11------------gpd-000400--,/results/unit/fblwteam11------------gpd-000400--,/results/unit/fblwteam11------------gpd-000400--,/FBL/W/TEAM11------------/GPD-/000400--/results,
FBL,FBLWTEAM11------------GPD-000500--,unit,Women's Group D,W,Y,false,true,true,false,/results/unit/fblwteam11------------gpd-000500--,/results/unit/fblwteam11------------gpd-000500--,/results/unit/fblwteam11------------gpd-000500--,/FBL/W/TEAM11------------/GPD-/000500--/results,
FBL,FBLWTEAM11------------GPD-000600--,unit,Women's Group D,W,Y,false,true,true,false,/results/unit/fblwteam11------------gpd-000600--,/results/unit/fblwteam11------------gpd-000600--,/results/unit/fblwteam11------------gpd-000600--,/FBL/W/TEAM11------------/GPD-/000600--/results,
FBL,FBLWTEAM11------------QFNL000100--,unit,Women's Quarter-final,W,Y,false,true,true,false,/results/unit/fblwteam11------------qfnl000100--,/results/unit/fblwteam11------------qfnl000100--,/results/unit/fblwteam11------------qfnl000100--,/FBL/W/TEAM11------------/QFNL/000100--/results,
FBL,FBLWTEAM11------------QFNL000200--,unit,Women's Quarter-final,W,Y,false,true,true,false,/results/unit/fblwteam11------------qfnl000200--,/results/unit/fblwteam11------------qfnl000200--,/results/unit/fblwteam11------------qfnl000200--,/FBL/W/TEAM11------------/QFNL/000200--/results,
FBL,FBLWTEAM11------------QFNL000300--,unit,Women's Quarter-final,W,Y,false,true,true,false,/results/unit/fblwteam11------------qfnl000300--,/results/unit/fblwteam11------------qfnl000300--,/results/unit/fblwteam11------------qfnl000300--,/FBL/W/TEAM11------------/QFNL/000300--/results,
FBL,FBLWTEAM11------------QFNL000400--,unit,Women's Quarter-final,W,Y,false,true,true,false,/results/unit/fblwteam11------------qfnl000400--,/results/unit/fblwteam11------------qfnl000400--,/results/unit/fblwteam11------------qfnl000400--,/FBL/W/TEAM11------------/QFNL/000400--/results,
FBL,FBLWTEAM11------------SFNL000100--,unit,Women's Semi-final,W,Y,false,true,true,false,/results/unit/fblwteam11------------sfnl000100--,/results/unit/fblwteam11------------sfnl000100--,/results/unit/fblwteam11------------sfnl000100--,/FBL/W/TEAM11------------/SFNL/000100--/results,
FBL,FBLWTEAM11------------SFNL000200--,unit,Women's Semi-final,W,Y,false,true,true,false,/results/unit/fblwteam11------------sfnl000200--,/results/unit/fblwteam11------------sfnl000200--,/results/unit/fblwteam11------------sfnl000200--,/FBL/W/TEAM11------------/SFNL/000200--/results,
SQU,SQUMSINGLES-----------8FNL--------,phase,Men's Singles Round of 16,M,N,false,false,false,false,,,,,
SQU,SQUMSINGLES-----------FNL---------,phase,Men's Singles Finals,M,N,false,false,false,false,,,,,
SQU,SQUMSINGLES-----------QFNL--------,phase,Men's Singles Quarter-finals,M,N,false,false,false,false,,,,,
SQU,SQUMSINGLES-----------SFNL--------,phase,Men's Singles Semi-finals,M,N,false,false,false,false,,,,,
SQU,SQUWSINGLES-----------8FNL--------,phase,Women's Singles Round of 16,W,N,false,false,false,false,,,,,
SQU,SQUWSINGLES-----------FNL---------,phase,Women's Singles Finals,W,N,false,false,false,false,,,,,
SQU,SQUWSINGLES-----------QFNL--------,phase,Women's Singles Quarter-finals,W,N,false,false,false,false,,,,,
SQU,SQUWSINGLES-----------SFNL--------,phase,Women's Singles Semi-finals,W,N,false,false,false,false,,,,,
SQU,SQUMSINGLES-----------8FNL000100--,unit,Men's Singles Round of 16,M,Y,false,true,true,false,/results/unit/squmsingles-----------8fnl000100--,/results/unit/squmsingles-----------8fnl000100--,/results/unit/squmsingles-----------8fnl000100--,/SQU/M/SINGLES-----------/8FNL/000100--/results,
SQU,SQUMSINGLES-----------8FNL000200--,unit,Men's Singles Round of 16,M,Y,false,true,true,false,/results/unit/squmsingles-----------8fnl000200--,/results/unit/squmsingles-----------8fnl000200--,/results/unit/squmsingles-----------8fnl000200--,/SQU/M/SINGLES-----------/8FNL/000200--/results,
SQU,SQUMSINGLES-----------8FNL000300--,unit,Men's Singles Round of 16,M,Y,false,true,true,false,/results/unit/squmsingles-----------8fnl000300--,/results/unit/squmsingles-----------8fnl000300--,/results/unit/squmsingles-----------8fnl000300--,/SQU/M/SINGLES-----------/8FNL/000300--/results,
SQU,SQUMSINGLES-----------8FNL000400--,unit,Men's Singles Round of 16,M,Y,false,true,true,false,/results/unit/squmsingles-----------8fnl000400--,/results/unit/squmsingles-----------8fnl000400--,/results/unit/squmsingles-----------8fnl000400--,/SQU/M/SINGLES-----------/8FNL/000400--/results,
SQU,SQUMSINGLES-----------8FNL000500--,unit,Men's Singles Round of 16,M,Y,false,true,true,false,/results/unit/squmsingles-----------8fnl000500--,/results/unit/squmsingles-----------8fnl000500--,/results/unit/squmsingles-----------8fnl000500--,/SQU/M/SINGLES-----------/8FNL/000500--/results,
SQU,SQUMSINGLES-----------8FNL000600--,unit,Men's Singles Round of 16,M,Y,false,true,true,false,/results/unit/squmsingles-----------8fnl000600--,/results/unit/squmsingles-----------8fnl000600--,/results/unit/squmsingles-----------8fnl000600--,/SQU/M/SINGLES-----------/8FNL/000600--/results,
SQU,SQUMSINGLES-----------8FNL000700--,unit,Men's Singles Round of 16,M,Y,false,true,true,false,/results/unit/squmsingles-----------8fnl000700--,/results/unit/squmsingles-----------8fnl000700--,/results/unit/squmsingles-----------8fnl000700--,/SQU/M/SINGLES-----------/8FNL/000700--/results,
SQU,SQUMSINGLES-----------8FNL000800--,unit,Men's Singles Round of 16,M,Y,false,true,true,false,/results/unit/squmsingles-----------8fnl000800--,/results/unit/squmsingles-----------8fnl000800--,/results/unit/squmsingles-----------8fnl000800--,/SQU/M/SINGLES-----------/8FNL/000800--/results,
SQU,SQUMSINGLES-----------FNL-000100--,unit,Men's Singles Gold Medal Match,M,Y,false,true,true,false,/results/unit/squmsingles-----------fnl-000100--,/results/unit/squmsingles-----------fnl-000100--,/results/unit/squmsingles-----------fnl-000100--,/SQU/M/SINGLES-----------/FNL-/000100--/results,
SQU,SQUMSINGLES-----------FNL-000200--,unit,Men's Singles Bronze Medal Match,M,Y,false,true,true,false,/results/unit/squmsingles-----------fnl-000200--,/results/unit/squmsingles-----------fnl-000200--,/results/unit/squmsingles-----------fnl-000200--,/SQU/M/SINGLES-----------/FNL-/000200--/results,
SQU,SQUMSINGLES-----------QFNL000100--,unit,Men's Singles Quarter-final,M,Y,false,true,true,false,/results/unit/squmsingles-----------qfnl000100--,/results/unit/squmsingles-----------qfnl000100--,/results/unit/squmsingles-----------qfnl000100--,/SQU/M/SINGLES-----------/QFNL/000100--/results,
SQU,SQUMSINGLES-----------QFNL000200--,unit,Men's Singles Quarter-final,M,Y,false,true,true,false,/results/unit/squmsingles-----------qfnl000200--,/results/unit/squmsingles-----------qfnl000200--,/results/unit/squmsingles-----------qfnl000200--,/SQU/M/SINGLES-----------/QFNL/000200--/results,
SQU,SQUMSINGLES-----------QFNL000300--,unit,Men's Singles Quarter-final,M,Y,false,true,true,false,/results/unit/squmsingles-----------qfnl000300--,/results/unit/squmsingles-----------qfnl000300--,/results/unit/squmsingles-----------qfnl000300--,/SQU/M/SINGLES-----------/QFNL/000300--/results,
SQU,SQUMSINGLES-----------QFNL000400--,unit,Men's Singles Quarter-final,M,Y,false,true,true,false,/results/unit/squmsingles-----------qfnl000400--,/results/unit/squmsingles-----------qfnl000400--,/results/unit/squmsingles-----------qfnl000400--,/SQU/M/SINGLES-----------/QFNL/000400--/results,
SQU,SQUMSINGLES-----------SFNL000100--,unit,Men's Singles Semi-final,M,Y,false,true,true,false,/results/unit/squmsingles-----------sfnl000100--,/results/unit/squmsingles-----------sfnl000100--,/results/unit/squmsingles-----------sfnl000100--,/SQU/M/SINGLES-----------/SFNL/000100--/results,
SQU,SQUMSINGLES-----------SFNL000200--,unit,Men's Singles Semi-final,M,Y,false,true,true,false,/results/unit/squmsingles-----------sfnl000200--,/results/unit/squmsingles-----------sfnl000200--,/results/unit/squmsingles-----------sfnl000200--,/SQU/M/SINGLES-----------/SFNL/000200--/results,
SQU,SQUWSINGLES-----------8FNL000100--,unit,Women's Singles Round of 16,W,Y,false,true,true,false,/results/unit/squwsingles-----------8fnl000100--,/results/unit/squwsingles-----------8fnl000100--,/results/unit/squwsingles-----------8fnl000100--,/SQU/W/SINGLES-----------/8FNL/000100--/results,
SQU,SQUWSINGLES-----------8FNL000200--,unit,Women's Singles Round of 16,W,Y,false,true,true,false,/results/unit/squwsingles-----------8fnl000200--,/results/unit/squwsingles-----------8fnl000200--,/results/unit/squwsingles-----------8fnl000200--,/SQU/W/SINGLES-----------/8FNL/000200--/results,
SQU,SQUWSINGLES-----------8FNL000300--,unit,Women's Singles Round of 16,W,Y,false,true,true,false,/results/unit/squwsingles-----------8fnl000300--,/results/unit/squwsingles-----------8fnl000300--,/results/unit/squwsingles-----------8fnl000300--,/SQU/W/SINGLES-----------/8FNL/000300--/results,
SQU,SQUWSINGLES-----------8FNL000400--,unit,Women's Singles Round of 16,W,Y,false,true,true,false,/results/unit/squwsingles-----------8fnl000400--,/results/unit/squwsingles-----------8fnl000400--,/results/unit/squwsingles-----------8fnl000400--,/SQU/W/SINGLES-----------/8FNL/000400--/results,
SQU,SQUWSINGLES-----------8FNL000500--,unit,Women's Singles Round of 16,W,Y,false,true,true,false,/results/unit/squwsingles-----------8fnl000500--,/results/unit/squwsingles-----------8fnl000500--,/results/unit/squwsingles-----------8fnl000500--,/SQU/W/SINGLES-----------/8FNL/000500--/results,
SQU,SQUWSINGLES-----------8FNL000600--,unit,Women's Singles Round of 16,W,Y,false,true,true,false,/results/unit/squwsingles-----------8fnl000600--,/results/unit/squwsingles-----------8fnl000600--,/results/unit/squwsingles-----------8fnl000600--,/SQU/W/SINGLES-----------/8FNL/000600--/results,
SQU,SQUWSINGLES-----------8FNL000700--,unit,Women's Singles Round of 16,W,Y,false,true,true,false,/results/unit/squwsingles-----------8fnl000700--,/results/unit/squwsingles-----------8fnl000700--,/results/unit/squwsingles-----------8fnl000700--,/SQU/W/SINGLES-----------/8FNL/000700--/results,
SQU,SQUWSINGLES-----------8FNL000800--,unit,Women's Singles Round of 16,W,Y,false,true,true,false,/results/unit/squwsingles-----------8fnl000800--,/results/unit/squwsingles-----------8fnl000800--,/results/unit/squwsingles-----------8fnl000800--,/SQU/W/SINGLES-----------/8FNL/000800--/results,
SQU,SQUWSINGLES-----------FNL-000100--,unit,Women's Singles Gold Medal Match,W,Y,false,true,true,false,/results/unit/squwsingles-----------fnl-000100--,/results/unit/squwsingles-----------fnl-000100--,/results/unit/squwsingles-----------fnl-000100--,/SQU/W/SINGLES-----------/FNL-/000100--/results,
SQU,SQUWSINGLES-----------FNL-000200--,unit,Women's Singles Bronze Medal Match,W,Y,false,true,true,false,/results/unit/squwsingles-----------fnl-000200--,/results/unit/squwsingles-----------fnl-000200--,/results/unit/squwsingles-----------fnl-000200--,/SQU/W/SINGLES-----------/FNL-/000200--/results,
SQU,SQUWSINGLES-----------QFNL000100--,unit,Women's Singles Quarter-final,W,Y,false,true,true,false,/results/unit/squwsingles-----------qfnl000100--,/results/unit/squwsingles-----------qfnl000100--,/results/unit/squwsingles-----------qfnl000100--,/SQU/W/SINGLES-----------/QFNL/000100--/results,
SQU,SQUWSINGLES-----------QFNL000200--,unit,Women's Singles Quarter-final,W,Y,false,true,true,false,/results/unit/squwsingles-----------qfnl000200--,/results/unit/squwsingles-----------qfnl000200--,/results/unit/squwsingles-----------qfnl000200--,/SQU/W/SINGLES-----------/QFNL/000200--/results,
SQU,SQUWSINGLES-----------QFNL000300--,unit,Women's Singles Quarter-final,W,Y,false,true,true,false,/results/unit/squwsingles-----------qfnl000300--,/results/unit/squwsingles-----------qfnl000300--,/results/unit/squwsingles-----------qfnl000300--,/SQU/W/SINGLES-----------/QFNL/000300--/results,
SQU,SQUWSINGLES-----------QFNL000400--,unit,Women's Singles Quarter-final,W,Y,false,true,true,false,/results/unit/squwsingles-----------qfnl000400--,/results/unit/squwsingles-----------qfnl000400--,/results/unit/squwsingles-----------qfnl000400--,/SQU/W/SINGLES-----------/QFNL/000400--/results,
SQU,SQUWSINGLES-----------SFNL000100--,unit,Women's Singles Semi-final,W,Y,false,true,true,false,/results/unit/squwsingles-----------sfnl000100--,/results/unit/squwsingles-----------sfnl000100--,/results/unit/squwsingles-----------sfnl000100--,/SQU/W/SINGLES-----------/SFNL/000100--/results,
SQU,SQUWSINGLES-----------SFNL000200--,unit,Women's Singles Semi-final,W,Y,false,true,true,false,/results/unit/squwsingles-----------sfnl000200--,/results/unit/squwsingles-----------sfnl000200--,/results/unit/squwsingles-----------sfnl000200--,/SQU/W/SINGLES-----------/SFNL/000200--/results,
